{"Alphabet_of_the_Magi/character01": 0, "Alphabet_of_the_Magi/character02": 1, "Alphabet_of_the_Magi/character03": 2, "Alphabet_of_the_Magi/character04": 3, "Alphabet_of_the_Magi/character05": 4, "Alphabet_of_the_Magi/character06": 5, "Alphabet_of_the_Magi/character07": 6, "Alphabet_of_the_Magi/character08": 7, "Alphabet_of_the_Magi/character09": 8, "Alphabet_of_the_Magi/character10": 9, "Alphabet_of_the_Magi/character11": 10, "Alphabet_of_the_Magi/character12": 11, "Alphabet_of_the_Magi/character13": 12, "Alphabet_of_the_Magi/character14": 13, "Alphabet_of_the_Magi/character15": 14, "Alphabet_of_the_Magi/character16": 15, "Alphabet_of_the_Magi/character17": 16, "Alphabet_of_the_Magi/character18": 17, "Alphabet_of_the_Magi/character19": 18, "Alphabet_of_the_Magi/character20": 19, "Angelic/character01": 20, "Angelic/character02": 21, "Angelic/character03": 22, "Angelic/character04": 23, "Angelic/character05": 24, "Angelic/character06": 25, "Angelic/character07": 26, "Angelic/character08": 27, "Angelic/character09": 28, "Angelic/character10": 29, "Angelic/character11": 30, "Angelic/character12": 31, "Angelic/character13": 32, "Angelic/character14": 33, "Angelic/character15": 34, "Angelic/character16": 35, "Angelic/character17": 36, "Angelic/character18": 37, "Angelic/character19": 38, "Angelic/character20": 39, "Anglo-Saxon_Futhorc/character01": 40, "Anglo-Saxon_Futhorc/character02": 41, "Anglo-Saxon_Futhorc/character03": 42, "Anglo-Saxon_Futhorc/character04": 43, "Anglo-Saxon_Futhorc/character05": 44, "Anglo-Saxon_Futhorc/character06": 45, "Anglo-Saxon_Futhorc/character07": 46, "Anglo-Saxon_Futhorc/character08": 47, "Anglo-Saxon_Futhorc/character09": 48, "Anglo-Saxon_Futhorc/character10": 49, "Anglo-Saxon_Futhorc/character11": 50, "Anglo-Saxon_Futhorc/character12": 51, "Anglo-Saxon_Futhorc/character13": 52, "Anglo-Saxon_Futhorc/character14": 53, "Anglo-Saxon_Futhorc/character15": 54, "Anglo-Saxon_Futhorc/character16": 55, "Anglo-Saxon_Futhorc/character17": 56, "Anglo-Saxon_Futhorc/character18": 57, "Anglo-Saxon_Futhorc/character19": 58, "Anglo-Saxon_Futhorc/character20": 59, "Anglo-Saxon_Futhorc/character21": 60, "Anglo-Saxon_Futhorc/character22": 61, "Anglo-Saxon_Futhorc/character23": 62, "Anglo-Saxon_Futhorc/character24": 63, "Anglo-Saxon_Futhorc/character25": 64, "Anglo-Saxon_Futhorc/character26": 65, "Anglo-Saxon_Futhorc/character27": 66, "Anglo-Saxon_Futhorc/character28": 67, "Anglo-Saxon_Futhorc/character29": 68, "Arcadian/character01": 69, "Arcadian/character02": 70, "Arcadian/character03": 71, "Arcadian/character04": 72, "Arcadian/character05": 73, "Arcadian/character06": 74, "Arcadian/character07": 75, "Arcadian/character08": 76, "Arcadian/character09": 77, "Arcadian/character10": 78, "Arcadian/character11": 79, "Arcadian/character12": 80, "Arcadian/character13": 81, "Arcadian/character14": 82, "Arcadian/character15": 83, "Arcadian/character16": 84, "Arcadian/character17": 85, "Arcadian/character18": 86, "Arcadian/character19": 87, "Arcadian/character20": 88, "Arcadian/character21": 89, "Arcadian/character22": 90, "Arcadian/character23": 91, "Arcadian/character24": 92, "Arcadian/character25": 93, "Arcadian/character26": 94, "Armenian/character01": 95, "Armenian/character02": 96, "Armenian/character03": 97, "Armenian/character04": 98, "Armenian/character05": 99, "Armenian/character06": 100, "Armenian/character07": 101, "Armenian/character08": 102, "Armenian/character09": 103, "Armenian/character10": 104, "Armenian/character11": 105, "Armenian/character12": 106, "Armenian/character13": 107, "Armenian/character14": 108, "Armenian/character15": 109, "Armenian/character16": 110, "Armenian/character17": 111, "Armenian/character18": 112, "Armenian/character19": 113, "Armenian/character20": 114, "Armenian/character21": 115, "Armenian/character22": 116, "Armenian/character23": 117, "Armenian/character24": 118, "Armenian/character25": 119, "Armenian/character26": 120, "Armenian/character27": 121, "Armenian/character28": 122, "Armenian/character29": 123, "Armenian/character30": 124, "Armenian/character31": 125, "Armenian/character32": 126, "Armenian/character33": 127, "Armenian/character34": 128, "Armenian/character35": 129, "Armenian/character36": 130, "Armenian/character37": 131, "Armenian/character38": 132, "Armenian/character39": 133, "Armenian/character40": 134, "Armenian/character41": 135, "Asomtavruli_(Georgian)/character01": 136, "Asomtavruli_(Georgian)/character02": 137, "Asomtavruli_(Georgian)/character03": 138, "Asomtavruli_(Georgian)/character04": 139, "Asomtavruli_(Georgian)/character05": 140, "Asomtavruli_(Georgian)/character06": 141, "Asomtavruli_(Georgian)/character07": 142, "Asomtavruli_(Georgian)/character08": 143, "Asomtavruli_(Georgian)/character09": 144, "Asomtavruli_(Georgian)/character10": 145, "Asomtavruli_(Georgian)/character11": 146, "Asomtavruli_(Georgian)/character12": 147, "Asomtavruli_(Georgian)/character13": 148, "Asomtavruli_(Georgian)/character14": 149, "Asomtavruli_(Georgian)/character15": 150, "Asomtavruli_(Georgian)/character16": 151, "Asomtavruli_(Georgian)/character17": 152, "Asomtavruli_(Georgian)/character18": 153, "Asomtavruli_(Georgian)/character19": 154, "Asomtavruli_(Georgian)/character20": 155, "Asomtavruli_(Georgian)/character21": 156, "Asomtavruli_(Georgian)/character22": 157, "Asomtavruli_(Georgian)/character23": 158, "Asomtavruli_(Georgian)/character24": 159, "Asomtavruli_(Georgian)/character25": 160, "Asomtavruli_(Georgian)/character26": 161, "Asomtavruli_(Georgian)/character27": 162, "Asomtavruli_(Georgian)/character28": 163, "Asomtavruli_(Georgian)/character29": 164, "Asomtavruli_(Georgian)/character30": 165, "Asomtavruli_(Georgian)/character31": 166, "Asomtavruli_(Georgian)/character32": 167, "Asomtavruli_(Georgian)/character33": 168, "Asomtavruli_(Georgian)/character34": 169, "Asomtavruli_(Georgian)/character35": 170, "Asomtavruli_(Georgian)/character36": 171, "Asomtavruli_(Georgian)/character37": 172, "Asomtavruli_(Georgian)/character38": 173, "Asomtavruli_(Georgian)/character39": 174, "Asomtavruli_(Georgian)/character40": 175, "Atemayar_Qelisayer/character01": 176, "Atemayar_Qelisayer/character02": 177, "Atemayar_Qelisayer/character03": 178, "Atemayar_Qelisayer/character04": 179, "Atemayar_Qelisayer/character05": 180, "Atemayar_Qelisayer/character06": 181, "Atemayar_Qelisayer/character07": 182, "Atemayar_Qelisayer/character08": 183, "Atemayar_Qelisayer/character09": 184, "Atemayar_Qelisayer/character10": 185, "Atemayar_Qelisayer/character11": 186, "Atemayar_Qelisayer/character12": 187, "Atemayar_Qelisayer/character13": 188, "Atemayar_Qelisayer/character14": 189, "Atemayar_Qelisayer/character15": 190, "Atemayar_Qelisayer/character16": 191, "Atemayar_Qelisayer/character17": 192, "Atemayar_Qelisayer/character18": 193, "Atemayar_Qelisayer/character19": 194, "Atemayar_Qelisayer/character20": 195, "Atemayar_Qelisayer/character21": 196, "Atemayar_Qelisayer/character22": 197, "Atemayar_Qelisayer/character23": 198, "Atemayar_Qelisayer/character24": 199, "Atemayar_Qelisayer/character25": 200, "Atemayar_Qelisayer/character26": 201, "Atlantean/character01": 202, "Atlantean/character02": 203, "Atlantean/character03": 204, "Atlantean/character04": 205, "Atlantean/character05": 206, "Atlantean/character06": 207, "Atlantean/character07": 208, "Atlantean/character08": 209, "Atlantean/character09": 210, "Atlantean/character10": 211, "Atlantean/character11": 212, "Atlantean/character12": 213, "Atlantean/character13": 214, "Atlantean/character14": 215, "Atlantean/character15": 216, "Atlantean/character16": 217, "Atlantean/character17": 218, "Atlantean/character18": 219, "Atlantean/character19": 220, "Atlantean/character20": 221, "Atlantean/character21": 222, "Atlantean/character22": 223, "Atlantean/character23": 224, "Atlantean/character24": 225, "Atlantean/character25": 226, "Atlantean/character26": 227, "Aurek-Besh/character01": 228, "Aurek-Besh/character02": 229, "Aurek-Besh/character03": 230, "Aurek-Besh/character04": 231, "Aurek-Besh/character05": 232, "Aurek-Besh/character06": 233, "Aurek-Besh/character07": 234, "Aurek-Besh/character08": 235, "Aurek-Besh/character09": 236, "Aurek-Besh/character10": 237, "Aurek-Besh/character11": 238, "Aurek-Besh/character12": 239, "Aurek-Besh/character13": 240, "Aurek-Besh/character14": 241, "Aurek-Besh/character15": 242, "Aurek-Besh/character16": 243, "Aurek-Besh/character17": 244, "Aurek-Besh/character18": 245, "Aurek-Besh/character19": 246, "Aurek-Besh/character20": 247, "Aurek-Besh/character21": 248, "Aurek-Besh/character22": 249, "Aurek-Besh/character23": 250, "Aurek-Besh/character24": 251, "Aurek-Besh/character25": 252, "Aurek-Besh/character26": 253, "Avesta/character01": 254, "Avesta/character02": 255, "Avesta/character03": 256, "Avesta/character04": 257, "Avesta/character05": 258, "Avesta/character06": 259, "Avesta/character07": 260, "Avesta/character08": 261, "Avesta/character09": 262, "Avesta/character10": 263, "Avesta/character11": 264, "Avesta/character12": 265, "Avesta/character13": 266, "Avesta/character14": 267, "Avesta/character15": 268, "Avesta/character16": 269, "Avesta/character17": 270, "Avesta/character18": 271, "Avesta/character19": 272, "Avesta/character20": 273, "Avesta/character21": 274, "Avesta/character22": 275, "Avesta/character23": 276, "Avesta/character24": 277, "Avesta/character25": 278, "Avesta/character26": 279, "Balinese/character01": 280, "Balinese/character02": 281, "Balinese/character03": 282, "Balinese/character04": 283, "Balinese/character05": 284, "Balinese/character06": 285, "Balinese/character07": 286, "Balinese/character08": 287, "Balinese/character09": 288, "Balinese/character10": 289, "Balinese/character11": 290, "Balinese/character12": 291, "Balinese/character13": 292, "Balinese/character14": 293, "Balinese/character15": 294, "Balinese/character16": 295, "Balinese/character17": 296, "Balinese/character18": 297, "Balinese/character19": 298, "Balinese/character20": 299, "Balinese/character21": 300, "Balinese/character22": 301, "Balinese/character23": 302, "Balinese/character24": 303, "Bengali/character01": 304, "Bengali/character02": 305, "Bengali/character03": 306, "Bengali/character04": 307, "Bengali/character05": 308, "Bengali/character06": 309, "Bengali/character07": 310, "Bengali/character08": 311, "Bengali/character09": 312, "Bengali/character10": 313, "Bengali/character11": 314, "Bengali/character12": 315, "Bengali/character13": 316, "Bengali/character14": 317, "Bengali/character15": 318, "Bengali/character16": 319, "Bengali/character17": 320, "Bengali/character18": 321, "Bengali/character19": 322, "Bengali/character20": 323, "Bengali/character21": 324, "Bengali/character22": 325, "Bengali/character23": 326, "Bengali/character24": 327, "Bengali/character25": 328, "Bengali/character26": 329, "Bengali/character27": 330, "Bengali/character28": 331, "Bengali/character29": 332, "Bengali/character30": 333, "Bengali/character31": 334, "Bengali/character32": 335, "Bengali/character33": 336, "Bengali/character34": 337, "Bengali/character35": 338, "Bengali/character36": 339, "Bengali/character37": 340, "Bengali/character38": 341, "Bengali/character39": 342, "Bengali/character40": 343, "Bengali/character41": 344, "Bengali/character42": 345, "Bengali/character43": 346, "Bengali/character44": 347, "Bengali/character45": 348, "Bengali/character46": 349, "Blackfoot_(Canadian_Aboriginal_Syllabics)/character01": 350, "Blackfoot_(Canadian_Aboriginal_Syllabics)/character02": 351, "Blackfoot_(Canadian_Aboriginal_Syllabics)/character03": 352, "Blackfoot_(Canadian_Aboriginal_Syllabics)/character04": 353, "Blackfoot_(Canadian_Aboriginal_Syllabics)/character05": 354, "Blackfoot_(Canadian_Aboriginal_Syllabics)/character06": 355, "Blackfoot_(Canadian_Aboriginal_Syllabics)/character07": 356, "Blackfoot_(Canadian_Aboriginal_Syllabics)/character08": 357, "Blackfoot_(Canadian_Aboriginal_Syllabics)/character09": 358, "Blackfoot_(Canadian_Aboriginal_Syllabics)/character10": 359, "Blackfoot_(Canadian_Aboriginal_Syllabics)/character11": 360, "Blackfoot_(Canadian_Aboriginal_Syllabics)/character12": 361, "Blackfoot_(Canadian_Aboriginal_Syllabics)/character13": 362, "Blackfoot_(Canadian_Aboriginal_Syllabics)/character14": 363, "Braille/character01": 364, "Braille/character02": 365, "Braille/character03": 366, "Braille/character04": 367, "Braille/character05": 368, "Braille/character06": 369, "Braille/character07": 370, "Braille/character08": 371, "Braille/character09": 372, "Braille/character10": 373, "Braille/character11": 374, "Braille/character12": 375, "Braille/character13": 376, "Braille/character14": 377, "Braille/character15": 378, "Braille/character16": 379, "Braille/character17": 380, "Braille/character18": 381, "Braille/character19": 382, "Braille/character20": 383, "Braille/character21": 384, "Braille/character22": 385, "Braille/character23": 386, "Braille/character24": 387, "Braille/character25": 388, "Braille/character26": 389, "Burmese_(Myanmar)/character01": 390, "Burmese_(Myanmar)/character02": 391, "Burmese_(Myanmar)/character03": 392, "Burmese_(Myanmar)/character04": 393, "Burmese_(Myanmar)/character05": 394, "Burmese_(Myanmar)/character06": 395, "Burmese_(Myanmar)/character07": 396, "Burmese_(Myanmar)/character08": 397, "Burmese_(Myanmar)/character09": 398, "Burmese_(Myanmar)/character10": 399, "Burmese_(Myanmar)/character11": 400, "Burmese_(Myanmar)/character12": 401, "Burmese_(Myanmar)/character13": 402, "Burmese_(Myanmar)/character14": 403, "Burmese_(Myanmar)/character15": 404, "Burmese_(Myanmar)/character16": 405, "Burmese_(Myanmar)/character17": 406, "Burmese_(Myanmar)/character18": 407, "Burmese_(Myanmar)/character19": 408, "Burmese_(Myanmar)/character20": 409, "Burmese_(Myanmar)/character21": 410, "Burmese_(Myanmar)/character22": 411, "Burmese_(Myanmar)/character23": 412, "Burmese_(Myanmar)/character24": 413, "Burmese_(Myanmar)/character25": 414, "Burmese_(Myanmar)/character26": 415, "Burmese_(Myanmar)/character27": 416, "Burmese_(Myanmar)/character28": 417, "Burmese_(Myanmar)/character29": 418, "Burmese_(Myanmar)/character30": 419, "Burmese_(Myanmar)/character31": 420, "Burmese_(Myanmar)/character32": 421, "Burmese_(Myanmar)/character33": 422, "Burmese_(Myanmar)/character34": 423, "Cyrillic/character01": 424, "Cyrillic/character02": 425, "Cyrillic/character03": 426, "Cyrillic/character04": 427, "Cyrillic/character05": 428, "Cyrillic/character06": 429, "Cyrillic/character07": 430, "Cyrillic/character08": 431, "Cyrillic/character09": 432, "Cyrillic/character10": 433, "Cyrillic/character11": 434, "Cyrillic/character12": 435, "Cyrillic/character13": 436, "Cyrillic/character14": 437, "Cyrillic/character15": 438, "Cyrillic/character16": 439, "Cyrillic/character17": 440, "Cyrillic/character18": 441, "Cyrillic/character19": 442, "Cyrillic/character20": 443, "Cyrillic/character21": 444, "Cyrillic/character22": 445, "Cyrillic/character23": 446, "Cyrillic/character24": 447, "Cyrillic/character25": 448, "Cyrillic/character26": 449, "Cyrillic/character27": 450, "Cyrillic/character28": 451, "Cyrillic/character29": 452, "Cyrillic/character30": 453, "Cyrillic/character31": 454, "Cyrillic/character32": 455, "Cyrillic/character33": 456, "Early_Aramaic/character01": 457, "Early_Aramaic/character02": 458, "Early_Aramaic/character03": 459, "Early_Aramaic/character04": 460, "Early_Aramaic/character05": 461, "Early_Aramaic/character06": 462, "Early_Aramaic/character07": 463, "Early_Aramaic/character08": 464, "Early_Aramaic/character09": 465, "Early_Aramaic/character10": 466, "Early_Aramaic/character11": 467, "Early_Aramaic/character12": 468, "Early_Aramaic/character13": 469, "Early_Aramaic/character14": 470, "Early_Aramaic/character15": 471, "Early_Aramaic/character16": 472, "Early_Aramaic/character17": 473, "Early_Aramaic/character18": 474, "Early_Aramaic/character19": 475, "Early_Aramaic/character20": 476, "Early_Aramaic/character21": 477, "Early_Aramaic/character22": 478, "Futurama/character01": 479, "Futurama/character02": 480, "Futurama/character03": 481, "Futurama/character04": 482, "Futurama/character05": 483, "Futurama/character06": 484, "Futurama/character07": 485, "Futurama/character08": 486, "Futurama/character09": 487, "Futurama/character10": 488, "Futurama/character11": 489, "Futurama/character12": 490, "Futurama/character13": 491, "Futurama/character14": 492, "Futurama/character15": 493, "Futurama/character16": 494, "Futurama/character17": 495, "Futurama/character18": 496, "Futurama/character19": 497, "Futurama/character20": 498, "Futurama/character21": 499, "Futurama/character22": 500, "Futurama/character23": 501, "Futurama/character24": 502, "Futurama/character25": 503, "Futurama/character26": 504, "Ge_ez/character01": 505, "Ge_ez/character02": 506, "Ge_ez/character03": 507, "Ge_ez/character04": 508, "Ge_ez/character05": 509, "Ge_ez/character06": 510, "Ge_ez/character07": 511, "Ge_ez/character08": 512, "Ge_ez/character09": 513, "Ge_ez/character10": 514, "Ge_ez/character11": 515, "Ge_ez/character12": 516, "Ge_ez/character13": 517, "Ge_ez/character14": 518, "Ge_ez/character15": 519, "Ge_ez/character16": 520, "Ge_ez/character17": 521, "Ge_ez/character18": 522, "Ge_ez/character19": 523, "Ge_ez/character20": 524, "Ge_ez/character21": 525, "Ge_ez/character22": 526, "Ge_ez/character23": 527, "Ge_ez/character24": 528, "Ge_ez/character25": 529, "Ge_ez/character26": 530, "Glagolitic/character01": 531, "Glagolitic/character02": 532, "Glagolitic/character03": 533, "Glagolitic/character04": 534, "Glagolitic/character05": 535, "Glagolitic/character06": 536, "Glagolitic/character07": 537, "Glagolitic/character08": 538, "Glagolitic/character09": 539, "Glagolitic/character10": 540, "Glagolitic/character11": 541, "Glagolitic/character12": 542, "Glagolitic/character13": 543, "Glagolitic/character14": 544, "Glagolitic/character15": 545, "Glagolitic/character16": 546, "Glagolitic/character17": 547, "Glagolitic/character18": 548, "Glagolitic/character19": 549, "Glagolitic/character20": 550, "Glagolitic/character21": 551, "Glagolitic/character22": 552, "Glagolitic/character23": 553, "Glagolitic/character24": 554, "Glagolitic/character25": 555, "Glagolitic/character26": 556, "Glagolitic/character27": 557, "Glagolitic/character28": 558, "Glagolitic/character29": 559, "Glagolitic/character30": 560, "Glagolitic/character31": 561, "Glagolitic/character32": 562, "Glagolitic/character33": 563, "Glagolitic/character34": 564, "Glagolitic/character35": 565, "Glagolitic/character36": 566, "Glagolitic/character37": 567, "Glagolitic/character38": 568, "Glagolitic/character39": 569, "Glagolitic/character40": 570, "Glagolitic/character41": 571, "Glagolitic/character42": 572, "Glagolitic/character43": 573, "Glagolitic/character44": 574, "Glagolitic/character45": 575, "Grantha/character01": 576, "Grantha/character02": 577, "Grantha/character03": 578, "Grantha/character04": 579, "Grantha/character05": 580, "Grantha/character06": 581, "Grantha/character07": 582, "Grantha/character08": 583, "Grantha/character09": 584, "Grantha/character10": 585, "Grantha/character11": 586, "Grantha/character12": 587, "Grantha/character13": 588, "Grantha/character14": 589, "Grantha/character15": 590, "Grantha/character16": 591, "Grantha/character17": 592, "Grantha/character18": 593, "Grantha/character19": 594, "Grantha/character20": 595, "Grantha/character21": 596, "Grantha/character22": 597, "Grantha/character23": 598, "Grantha/character24": 599, "Grantha/character25": 600, "Grantha/character26": 601, "Grantha/character27": 602, "Grantha/character28": 603, "Grantha/character29": 604, "Grantha/character30": 605, "Grantha/character31": 606, "Grantha/character32": 607, "Grantha/character33": 608, "Grantha/character34": 609, "Grantha/character35": 610, "Grantha/character36": 611, "Grantha/character37": 612, "Grantha/character38": 613, "Grantha/character39": 614, "Grantha/character40": 615, "Grantha/character41": 616, "Grantha/character42": 617, "Grantha/character43": 618, "Greek/character01": 619, "Greek/character02": 620, "Greek/character03": 621, "Greek/character04": 622, "Greek/character05": 623, "Greek/character06": 624, "Greek/character07": 625, "Greek/character08": 626, "Greek/character09": 627, "Greek/character10": 628, "Greek/character11": 629, "Greek/character12": 630, "Greek/character13": 631, "Greek/character14": 632, "Greek/character15": 633, "Greek/character16": 634, "Greek/character17": 635, "Greek/character18": 636, "Greek/character19": 637, "Greek/character20": 638, "Greek/character21": 639, "Greek/character22": 640, "Greek/character23": 641, "Greek/character24": 642, "Gujarati/character01": 643, "Gujarati/character02": 644, "Gujarati/character03": 645, "Gujarati/character04": 646, "Gujarati/character05": 647, "Gujarati/character06": 648, "Gujarati/character07": 649, "Gujarati/character08": 650, "Gujarati/character09": 651, "Gujarati/character10": 652, "Gujarati/character11": 653, "Gujarati/character12": 654, "Gujarati/character13": 655, "Gujarati/character14": 656, "Gujarati/character15": 657, "Gujarati/character16": 658, "Gujarati/character17": 659, "Gujarati/character18": 660, "Gujarati/character19": 661, "Gujarati/character20": 662, "Gujarati/character21": 663, "Gujarati/character22": 664, "Gujarati/character23": 665, "Gujarati/character24": 666, "Gujarati/character25": 667, "Gujarati/character26": 668, "Gujarati/character27": 669, "Gujarati/character28": 670, "Gujarati/character29": 671, "Gujarati/character30": 672, "Gujarati/character31": 673, "Gujarati/character32": 674, "Gujarati/character33": 675, "Gujarati/character34": 676, "Gujarati/character35": 677, "Gujarati/character36": 678, "Gujarati/character37": 679, "Gujarati/character38": 680, "Gujarati/character39": 681, "Gujarati/character40": 682, "Gujarati/character41": 683, "Gujarati/character42": 684, "Gujarati/character43": 685, "Gujarati/character44": 686, "Gujarati/character45": 687, "Gujarati/character46": 688, "Gujarati/character47": 689, "Gujarati/character48": 690, "Gurmukhi/character01": 691, "Gurmukhi/character02": 692, "Gurmukhi/character03": 693, "Gurmukhi/character04": 694, "Gurmukhi/character05": 695, "Gurmukhi/character06": 696, "Gurmukhi/character07": 697, "Gurmukhi/character08": 698, "Gurmukhi/character09": 699, "Gurmukhi/character10": 700, "Gurmukhi/character11": 701, "Gurmukhi/character12": 702, "Gurmukhi/character13": 703, "Gurmukhi/character14": 704, "Gurmukhi/character15": 705, "Gurmukhi/character16": 706, "Gurmukhi/character17": 707, "Gurmukhi/character18": 708, "Gurmukhi/character19": 709, "Gurmukhi/character20": 710, "Gurmukhi/character21": 711, "Gurmukhi/character22": 712, "Gurmukhi/character23": 713, "Gurmukhi/character24": 714, "Gurmukhi/character25": 715, "Gurmukhi/character26": 716, "Gurmukhi/character27": 717, "Gurmukhi/character28": 718, "Gurmukhi/character29": 719, "Gurmukhi/character30": 720, "Gurmukhi/character31": 721, "Gurmukhi/character32": 722, "Gurmukhi/character33": 723, "Gurmukhi/character34": 724, "Gurmukhi/character35": 725, "Gurmukhi/character36": 726, "Gurmukhi/character37": 727, "Gurmukhi/character38": 728, "Gurmukhi/character39": 729, "Gurmukhi/character40": 730, "Gurmukhi/character41": 731, "Gurmukhi/character42": 732, "Gurmukhi/character43": 733, "Gurmukhi/character44": 734, "Gurmukhi/character45": 735, "Hebrew/character01": 736, "Hebrew/character02": 737, "Hebrew/character03": 738, "Hebrew/character04": 739, "Hebrew/character05": 740, "Hebrew/character06": 741, "Hebrew/character07": 742, "Hebrew/character08": 743, "Hebrew/character09": 744, "Hebrew/character10": 745, "Hebrew/character11": 746, "Hebrew/character12": 747, "Hebrew/character13": 748, "Hebrew/character14": 749, "Hebrew/character15": 750, "Hebrew/character16": 751, "Hebrew/character17": 752, "Hebrew/character18": 753, "Hebrew/character19": 754, "Hebrew/character20": 755, "Hebrew/character21": 756, "Hebrew/character22": 757, "Inuktitut_(Canadian_Aboriginal_Syllabics)/character01": 758, "Inuktitut_(Canadian_Aboriginal_Syllabics)/character02": 759, "Inuktitut_(Canadian_Aboriginal_Syllabics)/character03": 760, "Inuktitut_(Canadian_Aboriginal_Syllabics)/character04": 761, "Inuktitut_(Canadian_Aboriginal_Syllabics)/character05": 762, "Inuktitut_(Canadian_Aboriginal_Syllabics)/character06": 763, "Inuktitut_(Canadian_Aboriginal_Syllabics)/character07": 764, "Inuktitut_(Canadian_Aboriginal_Syllabics)/character08": 765, "Inuktitut_(Canadian_Aboriginal_Syllabics)/character09": 766, "Inuktitut_(Canadian_Aboriginal_Syllabics)/character10": 767, "Inuktitut_(Canadian_Aboriginal_Syllabics)/character11": 768, "Inuktitut_(Canadian_Aboriginal_Syllabics)/character12": 769, "Inuktitut_(Canadian_Aboriginal_Syllabics)/character13": 770, "Inuktitut_(Canadian_Aboriginal_Syllabics)/character14": 771, "Inuktitut_(Canadian_Aboriginal_Syllabics)/character15": 772, "Inuktitut_(Canadian_Aboriginal_Syllabics)/character16": 773, "Japanese_(hiragana)/character01": 774, "Japanese_(hiragana)/character02": 775, "Japanese_(hiragana)/character03": 776, "Japanese_(hiragana)/character04": 777, "Japanese_(hiragana)/character05": 778, "Japanese_(hiragana)/character06": 779, "Japanese_(hiragana)/character07": 780, "Japanese_(hiragana)/character08": 781, "Japanese_(hiragana)/character09": 782, "Japanese_(hiragana)/character10": 783, "Japanese_(hiragana)/character11": 784, "Japanese_(hiragana)/character12": 785, "Japanese_(hiragana)/character13": 786, "Japanese_(hiragana)/character14": 787, "Japanese_(hiragana)/character15": 788, "Japanese_(hiragana)/character16": 789, "Japanese_(hiragana)/character17": 790, "Japanese_(hiragana)/character18": 791, "Japanese_(hiragana)/character19": 792, "Japanese_(hiragana)/character20": 793, "Japanese_(hiragana)/character21": 794, "Japanese_(hiragana)/character22": 795, "Japanese_(hiragana)/character23": 796, "Japanese_(hiragana)/character24": 797, "Japanese_(hiragana)/character25": 798, "Japanese_(hiragana)/character26": 799, "Japanese_(hiragana)/character27": 800, "Japanese_(hiragana)/character28": 801, "Japanese_(hiragana)/character29": 802, "Japanese_(hiragana)/character30": 803, "Japanese_(hiragana)/character31": 804, "Japanese_(hiragana)/character32": 805, "Japanese_(hiragana)/character33": 806, "Japanese_(hiragana)/character34": 807, "Japanese_(hiragana)/character35": 808, "Japanese_(hiragana)/character36": 809, "Japanese_(hiragana)/character37": 810, "Japanese_(hiragana)/character38": 811, "Japanese_(hiragana)/character39": 812, "Japanese_(hiragana)/character40": 813, "Japanese_(hiragana)/character41": 814, "Japanese_(hiragana)/character42": 815, "Japanese_(hiragana)/character43": 816, "Japanese_(hiragana)/character44": 817, "Japanese_(hiragana)/character45": 818, "Japanese_(hiragana)/character46": 819, "Japanese_(hiragana)/character47": 820, "Japanese_(hiragana)/character48": 821, "Japanese_(hiragana)/character49": 822, "Japanese_(hiragana)/character50": 823, "Japanese_(hiragana)/character51": 824, "Japanese_(hiragana)/character52": 825, "Japanese_(katakana)/character01": 826, "Japanese_(katakana)/character02": 827, "Japanese_(katakana)/character03": 828, "Japanese_(katakana)/character04": 829, "Japanese_(katakana)/character05": 830, "Japanese_(katakana)/character06": 831, "Japanese_(katakana)/character07": 832, "Japanese_(katakana)/character08": 833, "Japanese_(katakana)/character09": 834, "Japanese_(katakana)/character10": 835, "Japanese_(katakana)/character11": 836, "Japanese_(katakana)/character12": 837, "Japanese_(katakana)/character13": 838, "Japanese_(katakana)/character14": 839, "Japanese_(katakana)/character15": 840, "Japanese_(katakana)/character16": 841, "Japanese_(katakana)/character17": 842, "Japanese_(katakana)/character18": 843, "Japanese_(katakana)/character19": 844, "Japanese_(katakana)/character20": 845, "Japanese_(katakana)/character21": 846, "Japanese_(katakana)/character22": 847, "Japanese_(katakana)/character23": 848, "Japanese_(katakana)/character24": 849, "Japanese_(katakana)/character25": 850, "Japanese_(katakana)/character26": 851, "Japanese_(katakana)/character27": 852, "Japanese_(katakana)/character28": 853, "Japanese_(katakana)/character29": 854, "Japanese_(katakana)/character30": 855, "Japanese_(katakana)/character31": 856, "Japanese_(katakana)/character32": 857, "Japanese_(katakana)/character33": 858, "Japanese_(katakana)/character34": 859, "Japanese_(katakana)/character35": 860, "Japanese_(katakana)/character36": 861, "Japanese_(katakana)/character37": 862, "Japanese_(katakana)/character38": 863, "Japanese_(katakana)/character39": 864, "Japanese_(katakana)/character40": 865, "Japanese_(katakana)/character41": 866, "Japanese_(katakana)/character42": 867, "Japanese_(katakana)/character43": 868, "Japanese_(katakana)/character44": 869, "Japanese_(katakana)/character45": 870, "Japanese_(katakana)/character46": 871, "Japanese_(katakana)/character47": 872, "Kannada/character01": 873, "Kannada/character02": 874, "Kannada/character03": 875, "Kannada/character04": 876, "Kannada/character05": 877, "Kannada/character06": 878, "Kannada/character07": 879, "Kannada/character08": 880, "Kannada/character09": 881, "Kannada/character10": 882, "Kannada/character11": 883, "Kannada/character12": 884, "Kannada/character13": 885, "Kannada/character14": 886, "Kannada/character15": 887, "Kannada/character16": 888, "Kannada/character17": 889, "Kannada/character18": 890, "Kannada/character19": 891, "Kannada/character20": 892, "Kannada/character21": 893, "Kannada/character22": 894, "Kannada/character23": 895, "Kannada/character24": 896, "Kannada/character25": 897, "Kannada/character26": 898, "Kannada/character27": 899, "Kannada/character28": 900, "Kannada/character29": 901, "Kannada/character30": 902, "Kannada/character31": 903, "Kannada/character32": 904, "Kannada/character33": 905, "Kannada/character34": 906, "Kannada/character35": 907, "Kannada/character36": 908, "Kannada/character37": 909, "Kannada/character38": 910, "Kannada/character39": 911, "Kannada/character40": 912, "Kannada/character41": 913, "Keble/character01": 914, "Keble/character02": 915, "Keble/character03": 916, "Keble/character04": 917, "Keble/character05": 918, "Keble/character06": 919, "Keble/character07": 920, "Keble/character08": 921, "Keble/character09": 922, "Keble/character10": 923, "Keble/character11": 924, "Keble/character12": 925, "Keble/character13": 926, "Keble/character14": 927, "Keble/character15": 928, "Keble/character16": 929, "Keble/character17": 930, "Keble/character18": 931, "Keble/character19": 932, "Keble/character20": 933, "Keble/character21": 934, "Keble/character22": 935, "Keble/character23": 936, "Keble/character24": 937, "Keble/character25": 938, "Keble/character26": 939, "Korean/character01": 940, "Korean/character02": 941, "Korean/character03": 942, "Korean/character04": 943, "Korean/character05": 944, "Korean/character06": 945, "Korean/character07": 946, "Korean/character08": 947, "Korean/character09": 948, "Korean/character10": 949, "Korean/character11": 950, "Korean/character12": 951, "Korean/character13": 952, "Korean/character14": 953, "Korean/character15": 954, "Korean/character16": 955, "Korean/character17": 956, "Korean/character18": 957, "Korean/character19": 958, "Korean/character20": 959, "Korean/character21": 960, "Korean/character22": 961, "Korean/character23": 962, "Korean/character24": 963, "Korean/character25": 964, "Korean/character26": 965, "Korean/character27": 966, "Korean/character28": 967, "Korean/character29": 968, "Korean/character30": 969, "Korean/character31": 970, "Korean/character32": 971, "Korean/character33": 972, "Korean/character34": 973, "Korean/character35": 974, "Korean/character36": 975, "Korean/character37": 976, "Korean/character38": 977, "Korean/character39": 978, "Korean/character40": 979, "Latin/character01": 980, "Latin/character02": 981, "Latin/character03": 982, "Latin/character04": 983, "Latin/character05": 984, "Latin/character06": 985, "Latin/character07": 986, "Latin/character08": 987, "Latin/character09": 988, "Latin/character10": 989, "Latin/character11": 990, "Latin/character12": 991, "Latin/character13": 992, "Latin/character14": 993, "Latin/character15": 994, "Latin/character16": 995, "Latin/character17": 996, "Latin/character18": 997, "Latin/character19": 998, "Latin/character20": 999, "Latin/character21": 1000, "Latin/character22": 1001, "Latin/character23": 1002, "Latin/character24": 1003, "Latin/character25": 1004, "Latin/character26": 1005, "Malay_(Jawi_-_Arabic)/character01": 1006, "Malay_(Jawi_-_Arabic)/character02": 1007, "Malay_(Jawi_-_Arabic)/character03": 1008, "Malay_(Jawi_-_Arabic)/character04": 1009, "Malay_(Jawi_-_Arabic)/character05": 1010, "Malay_(Jawi_-_Arabic)/character06": 1011, "Malay_(Jawi_-_Arabic)/character07": 1012, "Malay_(Jawi_-_Arabic)/character08": 1013, "Malay_(Jawi_-_Arabic)/character09": 1014, "Malay_(Jawi_-_Arabic)/character10": 1015, "Malay_(Jawi_-_Arabic)/character11": 1016, "Malay_(Jawi_-_Arabic)/character12": 1017, "Malay_(Jawi_-_Arabic)/character13": 1018, "Malay_(Jawi_-_Arabic)/character14": 1019, "Malay_(Jawi_-_Arabic)/character15": 1020, "Malay_(Jawi_-_Arabic)/character16": 1021, "Malay_(Jawi_-_Arabic)/character17": 1022, "Malay_(Jawi_-_Arabic)/character18": 1023, "Malay_(Jawi_-_Arabic)/character19": 1024, "Malay_(Jawi_-_Arabic)/character20": 1025, "Malay_(Jawi_-_Arabic)/character21": 1026, "Malay_(Jawi_-_Arabic)/character22": 1027, "Malay_(Jawi_-_Arabic)/character23": 1028, "Malay_(Jawi_-_Arabic)/character24": 1029, "Malay_(Jawi_-_Arabic)/character25": 1030, "Malay_(Jawi_-_Arabic)/character26": 1031, "Malay_(Jawi_-_Arabic)/character27": 1032, "Malay_(Jawi_-_Arabic)/character28": 1033, "Malay_(Jawi_-_Arabic)/character29": 1034, "Malay_(Jawi_-_Arabic)/character30": 1035, "Malay_(Jawi_-_Arabic)/character31": 1036, "Malay_(Jawi_-_Arabic)/character32": 1037, "Malay_(Jawi_-_Arabic)/character33": 1038, "Malay_(Jawi_-_Arabic)/character34": 1039, "Malay_(Jawi_-_Arabic)/character35": 1040, "Malay_(Jawi_-_Arabic)/character36": 1041, "Malay_(Jawi_-_Arabic)/character37": 1042, "Malay_(Jawi_-_Arabic)/character38": 1043, "Malay_(Jawi_-_Arabic)/character39": 1044, "Malay_(Jawi_-_Arabic)/character40": 1045, "Malayalam/character01": 1046, "Malayalam/character02": 1047, "Malayalam/character03": 1048, "Malayalam/character04": 1049, "Malayalam/character05": 1050, "Malayalam/character06": 1051, "Malayalam/character07": 1052, "Malayalam/character08": 1053, "Malayalam/character09": 1054, "Malayalam/character10": 1055, "Malayalam/character11": 1056, "Malayalam/character12": 1057, "Malayalam/character13": 1058, "Malayalam/character14": 1059, "Malayalam/character15": 1060, "Malayalam/character16": 1061, "Malayalam/character17": 1062, "Malayalam/character18": 1063, "Malayalam/character19": 1064, "Malayalam/character20": 1065, "Malayalam/character21": 1066, "Malayalam/character22": 1067, "Malayalam/character23": 1068, "Malayalam/character24": 1069, "Malayalam/character25": 1070, "Malayalam/character26": 1071, "Malayalam/character27": 1072, "Malayalam/character28": 1073, "Malayalam/character29": 1074, "Malayalam/character30": 1075, "Malayalam/character31": 1076, "Malayalam/character32": 1077, "Malayalam/character33": 1078, "Malayalam/character34": 1079, "Malayalam/character35": 1080, "Malayalam/character36": 1081, "Malayalam/character37": 1082, "Malayalam/character38": 1083, "Malayalam/character39": 1084, "Malayalam/character40": 1085, "Malayalam/character41": 1086, "Malayalam/character42": 1087, "Malayalam/character43": 1088, "Malayalam/character44": 1089, "Malayalam/character45": 1090, "Malayalam/character46": 1091, "Malayalam/character47": 1092, "Manipuri/character01": 1093, "Manipuri/character02": 1094, "Manipuri/character03": 1095, "Manipuri/character04": 1096, "Manipuri/character05": 1097, "Manipuri/character06": 1098, "Manipuri/character07": 1099, "Manipuri/character08": 1100, "Manipuri/character09": 1101, "Manipuri/character10": 1102, "Manipuri/character11": 1103, "Manipuri/character12": 1104, "Manipuri/character13": 1105, "Manipuri/character14": 1106, "Manipuri/character15": 1107, "Manipuri/character16": 1108, "Manipuri/character17": 1109, "Manipuri/character18": 1110, "Manipuri/character19": 1111, "Manipuri/character20": 1112, "Manipuri/character21": 1113, "Manipuri/character22": 1114, "Manipuri/character23": 1115, "Manipuri/character24": 1116, "Manipuri/character25": 1117, "Manipuri/character26": 1118, "Manipuri/character27": 1119, "Manipuri/character28": 1120, "Manipuri/character29": 1121, "Manipuri/character30": 1122, "Manipuri/character31": 1123, "Manipuri/character32": 1124, "Manipuri/character33": 1125, "Manipuri/character34": 1126, "Manipuri/character35": 1127, "Manipuri/character36": 1128, "Manipuri/character37": 1129, "Manipuri/character38": 1130, "Manipuri/character39": 1131, "Manipuri/character40": 1132, "Mkhedruli_(Georgian)/character01": 1133, "Mkhedruli_(Georgian)/character02": 1134, "Mkhedruli_(Georgian)/character03": 1135, "Mkhedruli_(Georgian)/character04": 1136, "Mkhedruli_(Georgian)/character05": 1137, "Mkhedruli_(Georgian)/character06": 1138, "Mkhedruli_(Georgian)/character07": 1139, "Mkhedruli_(Georgian)/character08": 1140, "Mkhedruli_(Georgian)/character09": 1141, "Mkhedruli_(Georgian)/character10": 1142, "Mkhedruli_(Georgian)/character11": 1143, "Mkhedruli_(Georgian)/character12": 1144, "Mkhedruli_(Georgian)/character13": 1145, "Mkhedruli_(Georgian)/character14": 1146, "Mkhedruli_(Georgian)/character15": 1147, "Mkhedruli_(Georgian)/character16": 1148, "Mkhedruli_(Georgian)/character17": 1149, "Mkhedruli_(Georgian)/character18": 1150, "Mkhedruli_(Georgian)/character19": 1151, "Mkhedruli_(Georgian)/character20": 1152, "Mkhedruli_(Georgian)/character21": 1153, "Mkhedruli_(Georgian)/character22": 1154, "Mkhedruli_(Georgian)/character23": 1155, "Mkhedruli_(Georgian)/character24": 1156, "Mkhedruli_(Georgian)/character25": 1157, "Mkhedruli_(Georgian)/character26": 1158, "Mkhedruli_(Georgian)/character27": 1159, "Mkhedruli_(Georgian)/character28": 1160, "Mkhedruli_(Georgian)/character29": 1161, "Mkhedruli_(Georgian)/character30": 1162, "Mkhedruli_(Georgian)/character31": 1163, "Mkhedruli_(Georgian)/character32": 1164, "Mkhedruli_(Georgian)/character33": 1165, "Mkhedruli_(Georgian)/character34": 1166, "Mkhedruli_(Georgian)/character35": 1167, "Mkhedruli_(Georgian)/character36": 1168, "Mkhedruli_(Georgian)/character37": 1169, "Mkhedruli_(Georgian)/character38": 1170, "Mkhedruli_(Georgian)/character39": 1171, "Mkhedruli_(Georgian)/character40": 1172, "Mkhedruli_(Georgian)/character41": 1173, "Mongolian/character01": 1174, "Mongolian/character02": 1175, "Mongolian/character03": 1176, "Mongolian/character04": 1177, "Mongolian/character05": 1178, "Mongolian/character06": 1179, "Mongolian/character07": 1180, "Mongolian/character08": 1181, "Mongolian/character09": 1182, "Mongolian/character10": 1183, "Mongolian/character11": 1184, "Mongolian/character12": 1185, "Mongolian/character13": 1186, "Mongolian/character14": 1187, "Mongolian/character15": 1188, "Mongolian/character16": 1189, "Mongolian/character17": 1190, "Mongolian/character18": 1191, "Mongolian/character19": 1192, "Mongolian/character20": 1193, "Mongolian/character21": 1194, "Mongolian/character22": 1195, "Mongolian/character23": 1196, "Mongolian/character24": 1197, "Mongolian/character25": 1198, "Mongolian/character26": 1199, "Mongolian/character27": 1200, "Mongolian/character28": 1201, "Mongolian/character29": 1202, "Mongolian/character30": 1203, "N_Ko/character01": 1204, "N_Ko/character02": 1205, "N_Ko/character03": 1206, "N_Ko/character04": 1207, "N_Ko/character05": 1208, "N_Ko/character06": 1209, "N_Ko/character07": 1210, "N_Ko/character08": 1211, "N_Ko/character09": 1212, "N_Ko/character10": 1213, "N_Ko/character11": 1214, "N_Ko/character12": 1215, "N_Ko/character13": 1216, "N_Ko/character14": 1217, "N_Ko/character15": 1218, "N_Ko/character16": 1219, "N_Ko/character17": 1220, "N_Ko/character18": 1221, "N_Ko/character19": 1222, "N_Ko/character20": 1223, "N_Ko/character21": 1224, "N_Ko/character22": 1225, "N_Ko/character23": 1226, "N_Ko/character24": 1227, "N_Ko/character25": 1228, "N_Ko/character26": 1229, "N_Ko/character27": 1230, "N_Ko/character28": 1231, "N_Ko/character29": 1232, "N_Ko/character30": 1233, "N_Ko/character31": 1234, "N_Ko/character32": 1235, "N_Ko/character33": 1236, "Ojibwe_(Canadian_Aboriginal_Syllabics)/character01": 1237, "Ojibwe_(Canadian_Aboriginal_Syllabics)/character02": 1238, "Ojibwe_(Canadian_Aboriginal_Syllabics)/character03": 1239, "Ojibwe_(Canadian_Aboriginal_Syllabics)/character04": 1240, "Ojibwe_(Canadian_Aboriginal_Syllabics)/character05": 1241, "Ojibwe_(Canadian_Aboriginal_Syllabics)/character06": 1242, "Ojibwe_(Canadian_Aboriginal_Syllabics)/character07": 1243, "Ojibwe_(Canadian_Aboriginal_Syllabics)/character08": 1244, "Ojibwe_(Canadian_Aboriginal_Syllabics)/character09": 1245, "Ojibwe_(Canadian_Aboriginal_Syllabics)/character10": 1246, "Ojibwe_(Canadian_Aboriginal_Syllabics)/character11": 1247, "Ojibwe_(Canadian_Aboriginal_Syllabics)/character12": 1248, "Ojibwe_(Canadian_Aboriginal_Syllabics)/character13": 1249, "Ojibwe_(Canadian_Aboriginal_Syllabics)/character14": 1250, "Old_Church_Slavonic_(Cyrillic)/character01": 1251, "Old_Church_Slavonic_(Cyrillic)/character02": 1252, "Old_Church_Slavonic_(Cyrillic)/character03": 1253, "Old_Church_Slavonic_(Cyrillic)/character04": 1254, "Old_Church_Slavonic_(Cyrillic)/character05": 1255, "Old_Church_Slavonic_(Cyrillic)/character06": 1256, "Old_Church_Slavonic_(Cyrillic)/character07": 1257, "Old_Church_Slavonic_(Cyrillic)/character08": 1258, "Old_Church_Slavonic_(Cyrillic)/character09": 1259, "Old_Church_Slavonic_(Cyrillic)/character10": 1260, "Old_Church_Slavonic_(Cyrillic)/character11": 1261, "Old_Church_Slavonic_(Cyrillic)/character12": 1262, "Old_Church_Slavonic_(Cyrillic)/character13": 1263, "Old_Church_Slavonic_(Cyrillic)/character14": 1264, "Old_Church_Slavonic_(Cyrillic)/character15": 1265, "Old_Church_Slavonic_(Cyrillic)/character16": 1266, "Old_Church_Slavonic_(Cyrillic)/character17": 1267, "Old_Church_Slavonic_(Cyrillic)/character18": 1268, "Old_Church_Slavonic_(Cyrillic)/character19": 1269, "Old_Church_Slavonic_(Cyrillic)/character20": 1270, "Old_Church_Slavonic_(Cyrillic)/character21": 1271, "Old_Church_Slavonic_(Cyrillic)/character22": 1272, "Old_Church_Slavonic_(Cyrillic)/character23": 1273, "Old_Church_Slavonic_(Cyrillic)/character24": 1274, "Old_Church_Slavonic_(Cyrillic)/character25": 1275, "Old_Church_Slavonic_(Cyrillic)/character26": 1276, "Old_Church_Slavonic_(Cyrillic)/character27": 1277, "Old_Church_Slavonic_(Cyrillic)/character28": 1278, "Old_Church_Slavonic_(Cyrillic)/character29": 1279, "Old_Church_Slavonic_(Cyrillic)/character30": 1280, "Old_Church_Slavonic_(Cyrillic)/character31": 1281, "Old_Church_Slavonic_(Cyrillic)/character32": 1282, "Old_Church_Slavonic_(Cyrillic)/character33": 1283, "Old_Church_Slavonic_(Cyrillic)/character34": 1284, "Old_Church_Slavonic_(Cyrillic)/character35": 1285, "Old_Church_Slavonic_(Cyrillic)/character36": 1286, "Old_Church_Slavonic_(Cyrillic)/character37": 1287, "Old_Church_Slavonic_(Cyrillic)/character38": 1288, "Old_Church_Slavonic_(Cyrillic)/character39": 1289, "Old_Church_Slavonic_(Cyrillic)/character40": 1290, "Old_Church_Slavonic_(Cyrillic)/character41": 1291, "Old_Church_Slavonic_(Cyrillic)/character42": 1292, "Old_Church_Slavonic_(Cyrillic)/character43": 1293, "Old_Church_Slavonic_(Cyrillic)/character44": 1294, "Old_Church_Slavonic_(Cyrillic)/character45": 1295, "Oriya/character01": 1296, "Oriya/character02": 1297, "Oriya/character03": 1298, "Oriya/character04": 1299, "Oriya/character05": 1300, "Oriya/character06": 1301, "Oriya/character07": 1302, "Oriya/character08": 1303, "Oriya/character09": 1304, "Oriya/character10": 1305, "Oriya/character11": 1306, "Oriya/character12": 1307, "Oriya/character13": 1308, "Oriya/character14": 1309, "Oriya/character15": 1310, "Oriya/character16": 1311, "Oriya/character17": 1312, "Oriya/character18": 1313, "Oriya/character19": 1314, "Oriya/character20": 1315, "Oriya/character21": 1316, "Oriya/character22": 1317, "Oriya/character23": 1318, "Oriya/character24": 1319, "Oriya/character25": 1320, "Oriya/character26": 1321, "Oriya/character27": 1322, "Oriya/character28": 1323, "Oriya/character29": 1324, "Oriya/character30": 1325, "Oriya/character31": 1326, "Oriya/character32": 1327, "Oriya/character33": 1328, "Oriya/character34": 1329, "Oriya/character35": 1330, "Oriya/character36": 1331, "Oriya/character37": 1332, "Oriya/character38": 1333, "Oriya/character39": 1334, "Oriya/character40": 1335, "Oriya/character41": 1336, "Oriya/character42": 1337, "Oriya/character43": 1338, "Oriya/character44": 1339, "Oriya/character45": 1340, "Oriya/character46": 1341, "Sanskrit/character01": 1342, "Sanskrit/character02": 1343, "Sanskrit/character03": 1344, "Sanskrit/character04": 1345, "Sanskrit/character05": 1346, "Sanskrit/character06": 1347, "Sanskrit/character07": 1348, "Sanskrit/character08": 1349, "Sanskrit/character09": 1350, "Sanskrit/character10": 1351, "Sanskrit/character11": 1352, "Sanskrit/character12": 1353, "Sanskrit/character13": 1354, "Sanskrit/character14": 1355, "Sanskrit/character15": 1356, "Sanskrit/character16": 1357, "Sanskrit/character17": 1358, "Sanskrit/character18": 1359, "Sanskrit/character19": 1360, "Sanskrit/character20": 1361, "Sanskrit/character21": 1362, "Sanskrit/character22": 1363, "Sanskrit/character23": 1364, "Sanskrit/character24": 1365, "Sanskrit/character25": 1366, "Sanskrit/character26": 1367, "Sanskrit/character27": 1368, "Sanskrit/character28": 1369, "Sanskrit/character29": 1370, "Sanskrit/character30": 1371, "Sanskrit/character31": 1372, "Sanskrit/character32": 1373, "Sanskrit/character33": 1374, "Sanskrit/character34": 1375, "Sanskrit/character35": 1376, "Sanskrit/character36": 1377, "Sanskrit/character37": 1378, "Sanskrit/character38": 1379, "Sanskrit/character39": 1380, "Sanskrit/character40": 1381, "Sanskrit/character41": 1382, "Sanskrit/character42": 1383, "Sylheti/character01": 1384, "Sylheti/character02": 1385, "Sylheti/character03": 1386, "Sylheti/character04": 1387, "Sylheti/character05": 1388, "Sylheti/character06": 1389, "Sylheti/character07": 1390, "Sylheti/character08": 1391, "Sylheti/character09": 1392, "Sylheti/character10": 1393, "Sylheti/character11": 1394, "Sylheti/character12": 1395, "Sylheti/character13": 1396, "Sylheti/character14": 1397, "Sylheti/character15": 1398, "Sylheti/character16": 1399, "Sylheti/character17": 1400, "Sylheti/character18": 1401, "Sylheti/character19": 1402, "Sylheti/character20": 1403, "Sylheti/character21": 1404, "Sylheti/character22": 1405, "Sylheti/character23": 1406, "Sylheti/character24": 1407, "Sylheti/character25": 1408, "Sylheti/character26": 1409, "Sylheti/character27": 1410, "Sylheti/character28": 1411, "Syriac_(Estrangelo)/character01": 1412, "Syriac_(Estrangelo)/character02": 1413, "Syriac_(Estrangelo)/character03": 1414, "Syriac_(Estrangelo)/character04": 1415, "Syriac_(Estrangelo)/character05": 1416, "Syriac_(Estrangelo)/character06": 1417, "Syriac_(Estrangelo)/character07": 1418, "Syriac_(Estrangelo)/character08": 1419, "Syriac_(Estrangelo)/character09": 1420, "Syriac_(Estrangelo)/character10": 1421, "Syriac_(Estrangelo)/character11": 1422, "Syriac_(Estrangelo)/character12": 1423, "Syriac_(Estrangelo)/character13": 1424, "Syriac_(Estrangelo)/character14": 1425, "Syriac_(Estrangelo)/character15": 1426, "Syriac_(Estrangelo)/character16": 1427, "Syriac_(Estrangelo)/character17": 1428, "Syriac_(Estrangelo)/character18": 1429, "Syriac_(Estrangelo)/character19": 1430, "Syriac_(Estrangelo)/character20": 1431, "Syriac_(Estrangelo)/character21": 1432, "Syriac_(Estrangelo)/character22": 1433, "Syriac_(Estrangelo)/character23": 1434, "Syriac_(Serto)/character01": 1435, "Syriac_(Serto)/character02": 1436, "Syriac_(Serto)/character03": 1437, "Syriac_(Serto)/character04": 1438, "Syriac_(Serto)/character05": 1439, "Syriac_(Serto)/character06": 1440, "Syriac_(Serto)/character07": 1441, "Syriac_(Serto)/character08": 1442, "Syriac_(Serto)/character09": 1443, "Syriac_(Serto)/character10": 1444, "Syriac_(Serto)/character11": 1445, "Syriac_(Serto)/character12": 1446, "Syriac_(Serto)/character13": 1447, "Syriac_(Serto)/character14": 1448, "Syriac_(Serto)/character15": 1449, "Syriac_(Serto)/character16": 1450, "Syriac_(Serto)/character17": 1451, "Syriac_(Serto)/character18": 1452, "Syriac_(Serto)/character19": 1453, "Syriac_(Serto)/character20": 1454, "Syriac_(Serto)/character21": 1455, "Syriac_(Serto)/character22": 1456, "Syriac_(Serto)/character23": 1457, "Tagalog/character01": 1458, "Tagalog/character02": 1459, "Tagalog/character03": 1460, "Tagalog/character04": 1461, "Tagalog/character05": 1462, "Tagalog/character06": 1463, "Tagalog/character07": 1464, "Tagalog/character08": 1465, "Tagalog/character09": 1466, "Tagalog/character10": 1467, "Tagalog/character11": 1468, "Tagalog/character12": 1469, "Tagalog/character13": 1470, "Tagalog/character14": 1471, "Tagalog/character15": 1472, "Tagalog/character16": 1473, "Tagalog/character17": 1474, "Tengwar/character01": 1475, "Tengwar/character02": 1476, "Tengwar/character03": 1477, "Tengwar/character04": 1478, "Tengwar/character05": 1479, "Tengwar/character06": 1480, "Tengwar/character07": 1481, "Tengwar/character08": 1482, "Tengwar/character09": 1483, "Tengwar/character10": 1484, "Tengwar/character11": 1485, "Tengwar/character12": 1486, "Tengwar/character13": 1487, "Tengwar/character14": 1488, "Tengwar/character15": 1489, "Tengwar/character16": 1490, "Tengwar/character17": 1491, "Tengwar/character18": 1492, "Tengwar/character19": 1493, "Tengwar/character20": 1494, "Tengwar/character21": 1495, "Tengwar/character22": 1496, "Tengwar/character23": 1497, "Tengwar/character24": 1498, "Tengwar/character25": 1499, "Tibetan/character01": 1500, "Tibetan/character02": 1501, "Tibetan/character03": 1502, "Tibetan/character04": 1503, "Tibetan/character05": 1504, "Tibetan/character06": 1505, "Tibetan/character07": 1506, "Tibetan/character08": 1507, "Tibetan/character09": 1508, "Tibetan/character10": 1509, "Tibetan/character11": 1510, "Tibetan/character12": 1511, "Tibetan/character13": 1512, "Tibetan/character14": 1513, "Tibetan/character15": 1514, "Tibetan/character16": 1515, "Tibetan/character17": 1516, "Tibetan/character18": 1517, "Tibetan/character19": 1518, "Tibetan/character20": 1519, "Tibetan/character21": 1520, "Tibetan/character22": 1521, "Tibetan/character23": 1522, "Tibetan/character24": 1523, "Tibetan/character25": 1524, "Tibetan/character26": 1525, "Tibetan/character27": 1526, "Tibetan/character28": 1527, "Tibetan/character29": 1528, "Tibetan/character30": 1529, "Tibetan/character31": 1530, "Tibetan/character32": 1531, "Tibetan/character33": 1532, "Tibetan/character34": 1533, "Tibetan/character35": 1534, "Tibetan/character36": 1535, "Tibetan/character37": 1536, "Tibetan/character38": 1537, "Tibetan/character39": 1538, "Tibetan/character40": 1539, "Tibetan/character41": 1540, "Tibetan/character42": 1541, "Tifinagh/character01": 1542, "Tifinagh/character02": 1543, "Tifinagh/character03": 1544, "Tifinagh/character04": 1545, "Tifinagh/character05": 1546, "Tifinagh/character06": 1547, "Tifinagh/character07": 1548, "Tifinagh/character08": 1549, "Tifinagh/character09": 1550, "Tifinagh/character10": 1551, "Tifinagh/character11": 1552, "Tifinagh/character12": 1553, "Tifinagh/character13": 1554, "Tifinagh/character14": 1555, "Tifinagh/character15": 1556, "Tifinagh/character16": 1557, "Tifinagh/character17": 1558, "Tifinagh/character18": 1559, "Tifinagh/character19": 1560, "Tifinagh/character20": 1561, "Tifinagh/character21": 1562, "Tifinagh/character22": 1563, "Tifinagh/character23": 1564, "Tifinagh/character24": 1565, "Tifinagh/character25": 1566, "Tifinagh/character26": 1567, "Tifinagh/character27": 1568, "Tifinagh/character28": 1569, "Tifinagh/character29": 1570, "Tifinagh/character30": 1571, "Tifinagh/character31": 1572, "Tifinagh/character32": 1573, "Tifinagh/character33": 1574, "Tifinagh/character34": 1575, "Tifinagh/character35": 1576, "Tifinagh/character36": 1577, "Tifinagh/character37": 1578, "Tifinagh/character38": 1579, "Tifinagh/character39": 1580, "Tifinagh/character40": 1581, "Tifinagh/character41": 1582, "Tifinagh/character42": 1583, "Tifinagh/character43": 1584, "Tifinagh/character44": 1585, "Tifinagh/character45": 1586, "Tifinagh/character46": 1587, "Tifinagh/character47": 1588, "Tifinagh/character48": 1589, "Tifinagh/character49": 1590, "Tifinagh/character50": 1591, "Tifinagh/character51": 1592, "Tifinagh/character52": 1593, "Tifinagh/character53": 1594, "Tifinagh/character54": 1595, "Tifinagh/character55": 1596, "ULOG/character01": 1597, "ULOG/character02": 1598, "ULOG/character03": 1599, "ULOG/character04": 1600, "ULOG/character05": 1601, "ULOG/character06": 1602, "ULOG/character07": 1603, "ULOG/character08": 1604, "ULOG/character09": 1605, "ULOG/character10": 1606, "ULOG/character11": 1607, "ULOG/character12": 1608, "ULOG/character13": 1609, "ULOG/character14": 1610, "ULOG/character15": 1611, "ULOG/character16": 1612, "ULOG/character17": 1613, "ULOG/character18": 1614, "ULOG/character19": 1615, "ULOG/character20": 1616, "ULOG/character21": 1617, "ULOG/character22": 1618, "ULOG/character23": 1619, "ULOG/character24": 1620, "ULOG/character25": 1621, "ULOG/character26": 1622}