{"0": "Alphabet_of_the_Magi/character01", "1": "Alphabet_of_the_Magi/character02", "2": "Alphabet_of_the_Magi/character03", "3": "Alphabet_of_the_Magi/character04", "4": "Alphabet_of_the_Magi/character05", "5": "Alphabet_of_the_Magi/character06", "6": "Alphabet_of_the_Magi/character07", "7": "Alphabet_of_the_Magi/character08", "8": "Alphabet_of_the_Magi/character09", "9": "Alphabet_of_the_Magi/character10", "10": "Alphabet_of_the_Magi/character11", "11": "Alphabet_of_the_Magi/character12", "12": "Alphabet_of_the_Magi/character13", "13": "Alphabet_of_the_Magi/character14", "14": "Alphabet_of_the_Magi/character15", "15": "Alphabet_of_the_Magi/character16", "16": "Alphabet_of_the_Magi/character17", "17": "Alphabet_of_the_Magi/character18", "18": "Alphabet_of_the_Magi/character19", "19": "Alphabet_of_the_Magi/character20", "20": "Angelic/character01", "21": "Angelic/character02", "22": "Angelic/character03", "23": "Angelic/character04", "24": "Angelic/character05", "25": "Angelic/character06", "26": "Angelic/character07", "27": "Angelic/character08", "28": "Angelic/character09", "29": "Angelic/character10", "30": "Angelic/character11", "31": "Angelic/character12", "32": "Angelic/character13", "33": "Angelic/character14", "34": "Angelic/character15", "35": "Angelic/character16", "36": "Angelic/character17", "37": "Angelic/character18", "38": "Angelic/character19", "39": "Angelic/character20", "40": "Anglo-Saxon_Futhorc/character01", "41": "Anglo-Saxon_Futhorc/character02", "42": "Anglo-Saxon_Futhorc/character03", "43": "Anglo-Saxon_Futhorc/character04", "44": "Anglo-Saxon_Futhorc/character05", "45": "Anglo-Saxon_Futhorc/character06", "46": "Anglo-Saxon_Futhorc/character07", "47": "Anglo-Saxon_Futhorc/character08", "48": "Anglo-Saxon_Futhorc/character09", "49": "Anglo-Saxon_Futhorc/character10", "50": "Anglo-Saxon_Futhorc/character11", "51": "Anglo-Saxon_Futhorc/character12", "52": "Anglo-Saxon_Futhorc/character13", "53": "Anglo-Saxon_Futhorc/character14", "54": "Anglo-Saxon_Futhorc/character15", "55": "Anglo-Saxon_Futhorc/character16", "56": "Anglo-Saxon_Futhorc/character17", "57": "Anglo-Saxon_Futhorc/character18", "58": "Anglo-Saxon_Futhorc/character19", "59": "Anglo-Saxon_Futhorc/character20", "60": "Anglo-Saxon_Futhorc/character21", "61": "Anglo-Saxon_Futhorc/character22", "62": "Anglo-Saxon_Futhorc/character23", "63": "Anglo-Saxon_Futhorc/character24", "64": "Anglo-Saxon_Futhorc/character25", "65": "Anglo-Saxon_Futhorc/character26", "66": "Anglo-Saxon_Futhorc/character27", "67": "Anglo-Saxon_Futhorc/character28", "68": "Anglo-Saxon_Futhorc/character29", "69": "Arcadian/character01", "70": "Arcadian/character02", "71": "Arcadian/character03", "72": "Arcadian/character04", "73": "Arcadian/character05", "74": "Arcadian/character06", "75": "Arcadian/character07", "76": "Arcadian/character08", "77": "Arcadian/character09", "78": "Arcadian/character10", "79": "Arcadian/character11", "80": "Arcadian/character12", "81": "Arcadian/character13", "82": "Arcadian/character14", "83": "Arcadian/character15", "84": "Arcadian/character16", "85": "Arcadian/character17", "86": "Arcadian/character18", "87": "Arcadian/character19", "88": "Arcadian/character20", "89": "Arcadian/character21", "90": "Arcadian/character22", "91": "Arcadian/character23", "92": "Arcadian/character24", "93": "Arcadian/character25", "94": "Arcadian/character26", "95": "Armenian/character01", "96": "Armenian/character02", "97": "Armenian/character03", "98": "Armenian/character04", "99": "Armenian/character05", "100": "Armenian/character06", "101": "Armenian/character07", "102": "Armenian/character08", "103": "Armenian/character09", "104": "Armenian/character10", "105": "Armenian/character11", "106": "Armenian/character12", "107": "Armenian/character13", "108": "Armenian/character14", "109": "Armenian/character15", "110": "Armenian/character16", "111": "Armenian/character17", "112": "Armenian/character18", "113": "Armenian/character19", "114": "Armenian/character20", "115": "Armenian/character21", "116": "Armenian/character22", "117": "Armenian/character23", "118": "Armenian/character24", "119": "Armenian/character25", "120": "Armenian/character26", "121": "Armenian/character27", "122": "Armenian/character28", "123": "Armenian/character29", "124": "Armenian/character30", "125": "Armenian/character31", "126": "Armenian/character32", "127": "Armenian/character33", "128": "Armenian/character34", "129": "Armenian/character35", "130": "Armenian/character36", "131": "Armenian/character37", "132": "Armenian/character38", "133": "Armenian/character39", "134": "Armenian/character40", "135": "Armenian/character41", "136": "Asomtavruli_(Georgian)/character01", "137": "Asomtavruli_(Georgian)/character02", "138": "Asomtavruli_(Georgian)/character03", "139": "Asomtavruli_(Georgian)/character04", "140": "Asomtavruli_(Georgian)/character05", "141": "Asomtavruli_(Georgian)/character06", "142": "Asomtavruli_(Georgian)/character07", "143": "Asomtavruli_(Georgian)/character08", "144": "Asomtavruli_(Georgian)/character09", "145": "Asomtavruli_(Georgian)/character10", "146": "Asomtavruli_(Georgian)/character11", "147": "Asomtavruli_(Georgian)/character12", "148": "Asomtavruli_(Georgian)/character13", "149": "Asomtavruli_(Georgian)/character14", "150": "Asomtavruli_(Georgian)/character15", "151": "Asomtavruli_(Georgian)/character16", "152": "Asomtavruli_(Georgian)/character17", "153": "Asomtavruli_(Georgian)/character18", "154": "Asomtavruli_(Georgian)/character19", "155": "Asomtavruli_(Georgian)/character20", "156": "Asomtavruli_(Georgian)/character21", "157": "Asomtavruli_(Georgian)/character22", "158": "Asomtavruli_(Georgian)/character23", "159": "Asomtavruli_(Georgian)/character24", "160": "Asomtavruli_(Georgian)/character25", "161": "Asomtavruli_(Georgian)/character26", "162": "Asomtavruli_(Georgian)/character27", "163": "Asomtavruli_(Georgian)/character28", "164": "Asomtavruli_(Georgian)/character29", "165": "Asomtavruli_(Georgian)/character30", "166": "Asomtavruli_(Georgian)/character31", "167": "Asomtavruli_(Georgian)/character32", "168": "Asomtavruli_(Georgian)/character33", "169": "Asomtavruli_(Georgian)/character34", "170": "Asomtavruli_(Georgian)/character35", "171": "Asomtavruli_(Georgian)/character36", "172": "Asomtavruli_(Georgian)/character37", "173": "Asomtavruli_(Georgian)/character38", "174": "Asomtavruli_(Georgian)/character39", "175": "Asomtavruli_(Georgian)/character40", "176": "Atemayar_Qelisayer/character01", "177": "Atemayar_Qelisayer/character02", "178": "Atemayar_Qelisayer/character03", "179": "Atemayar_Qelisayer/character04", "180": "Atemayar_Qelisayer/character05", "181": "Atemayar_Qelisayer/character06", "182": "Atemayar_Qelisayer/character07", "183": "Atemayar_Qelisayer/character08", "184": "Atemayar_Qelisayer/character09", "185": "Atemayar_Qelisayer/character10", "186": "Atemayar_Qelisayer/character11", "187": "Atemayar_Qelisayer/character12", "188": "Atemayar_Qelisayer/character13", "189": "Atemayar_Qelisayer/character14", "190": "Atemayar_Qelisayer/character15", "191": "Atemayar_Qelisayer/character16", "192": "Atemayar_Qelisayer/character17", "193": "Atemayar_Qelisayer/character18", "194": "Atemayar_Qelisayer/character19", "195": "Atemayar_Qelisayer/character20", "196": "Atemayar_Qelisayer/character21", "197": "Atemayar_Qelisayer/character22", "198": "Atemayar_Qelisayer/character23", "199": "Atemayar_Qelisayer/character24", "200": "Atemayar_Qelisayer/character25", "201": "Atemayar_Qelisayer/character26", "202": "Atlantean/character01", "203": "Atlantean/character02", "204": "Atlantean/character03", "205": "Atlantean/character04", "206": "Atlantean/character05", "207": "Atlantean/character06", "208": "Atlantean/character07", "209": "Atlantean/character08", "210": "Atlantean/character09", "211": "Atlantean/character10", "212": "Atlantean/character11", "213": "Atlantean/character12", "214": "Atlantean/character13", "215": "Atlantean/character14", "216": "Atlantean/character15", "217": "Atlantean/character16", "218": "Atlantean/character17", "219": "Atlantean/character18", "220": "Atlantean/character19", "221": "Atlantean/character20", "222": "Atlantean/character21", "223": "Atlantean/character22", "224": "Atlantean/character23", "225": "Atlantean/character24", "226": "Atlantean/character25", "227": "Atlantean/character26", "228": "Aurek-Besh/character01", "229": "Aurek-Besh/character02", "230": "Aurek-Besh/character03", "231": "Aurek-Besh/character04", "232": "Aurek-Besh/character05", "233": "Aurek-Besh/character06", "234": "Aurek-Besh/character07", "235": "Aurek-Besh/character08", "236": "Aurek-Besh/character09", "237": "Aurek-Besh/character10", "238": "Aurek-Besh/character11", "239": "Aurek-Besh/character12", "240": "Aurek-Besh/character13", "241": "Aurek-Besh/character14", "242": "Aurek-Besh/character15", "243": "Aurek-Besh/character16", "244": "Aurek-Besh/character17", "245": "Aurek-Besh/character18", "246": "Aurek-Besh/character19", "247": "Aurek-Besh/character20", "248": "Aurek-Besh/character21", "249": "Aurek-Besh/character22", "250": "Aurek-Besh/character23", "251": "Aurek-Besh/character24", "252": "Aurek-Besh/character25", "253": "Aurek-Besh/character26", "254": "Avesta/character01", "255": "Avesta/character02", "256": "Avesta/character03", "257": "Avesta/character04", "258": "Avesta/character05", "259": "Avesta/character06", "260": "Avesta/character07", "261": "Avesta/character08", "262": "Avesta/character09", "263": "Avesta/character10", "264": "Avesta/character11", "265": "Avesta/character12", "266": "Avesta/character13", "267": "Avesta/character14", "268": "Avesta/character15", "269": "Avesta/character16", "270": "Avesta/character17", "271": "Avesta/character18", "272": "Avesta/character19", "273": "Avesta/character20", "274": "Avesta/character21", "275": "Avesta/character22", "276": "Avesta/character23", "277": "Avesta/character24", "278": "Avesta/character25", "279": "Avesta/character26", "280": "Balinese/character01", "281": "Balinese/character02", "282": "Balinese/character03", "283": "Balinese/character04", "284": "Balinese/character05", "285": "Balinese/character06", "286": "Balinese/character07", "287": "Balinese/character08", "288": "Balinese/character09", "289": "Balinese/character10", "290": "Balinese/character11", "291": "Balinese/character12", "292": "Balinese/character13", "293": "Balinese/character14", "294": "Balinese/character15", "295": "Balinese/character16", "296": "Balinese/character17", "297": "Balinese/character18", "298": "Balinese/character19", "299": "Balinese/character20", "300": "Balinese/character21", "301": "Balinese/character22", "302": "Balinese/character23", "303": "Balinese/character24", "304": "Bengali/character01", "305": "Bengali/character02", "306": "Bengali/character03", "307": "Bengali/character04", "308": "Bengali/character05", "309": "Bengali/character06", "310": "Bengali/character07", "311": "Bengali/character08", "312": "Bengali/character09", "313": "Bengali/character10", "314": "Bengali/character11", "315": "Bengali/character12", "316": "Bengali/character13", "317": "Bengali/character14", "318": "Bengali/character15", "319": "Bengali/character16", "320": "Bengali/character17", "321": "Bengali/character18", "322": "Bengali/character19", "323": "Bengali/character20", "324": "Bengali/character21", "325": "Bengali/character22", "326": "Bengali/character23", "327": "Bengali/character24", "328": "Bengali/character25", "329": "Bengali/character26", "330": "Bengali/character27", "331": "Bengali/character28", "332": "Bengali/character29", "333": "Bengali/character30", "334": "Bengali/character31", "335": "Bengali/character32", "336": "Bengali/character33", "337": "Bengali/character34", "338": "Bengali/character35", "339": "Bengali/character36", "340": "Bengali/character37", "341": "Bengali/character38", "342": "Bengali/character39", "343": "Bengali/character40", "344": "Bengali/character41", "345": "Bengali/character42", "346": "Bengali/character43", "347": "Bengali/character44", "348": "Bengali/character45", "349": "Bengali/character46", "350": "Blackfoot_(Canadian_Aboriginal_Syllabics)/character01", "351": "Blackfoot_(Canadian_Aboriginal_Syllabics)/character02", "352": "Blackfoot_(Canadian_Aboriginal_Syllabics)/character03", "353": "Blackfoot_(Canadian_Aboriginal_Syllabics)/character04", "354": "Blackfoot_(Canadian_Aboriginal_Syllabics)/character05", "355": "Blackfoot_(Canadian_Aboriginal_Syllabics)/character06", "356": "Blackfoot_(Canadian_Aboriginal_Syllabics)/character07", "357": "Blackfoot_(Canadian_Aboriginal_Syllabics)/character08", "358": "Blackfoot_(Canadian_Aboriginal_Syllabics)/character09", "359": "Blackfoot_(Canadian_Aboriginal_Syllabics)/character10", "360": "Blackfoot_(Canadian_Aboriginal_Syllabics)/character11", "361": "Blackfoot_(Canadian_Aboriginal_Syllabics)/character12", "362": "Blackfoot_(Canadian_Aboriginal_Syllabics)/character13", "363": "Blackfoot_(Canadian_Aboriginal_Syllabics)/character14", "364": "Braille/character01", "365": "Braille/character02", "366": "Braille/character03", "367": "Braille/character04", "368": "Braille/character05", "369": "Braille/character06", "370": "Braille/character07", "371": "Braille/character08", "372": "Braille/character09", "373": "Braille/character10", "374": "Braille/character11", "375": "Braille/character12", "376": "Braille/character13", "377": "Braille/character14", "378": "Braille/character15", "379": "Braille/character16", "380": "Braille/character17", "381": "Braille/character18", "382": "Braille/character19", "383": "Braille/character20", "384": "Braille/character21", "385": "Braille/character22", "386": "Braille/character23", "387": "Braille/character24", "388": "Braille/character25", "389": "Braille/character26", "390": "Burmese_(Myanmar)/character01", "391": "Burmese_(Myanmar)/character02", "392": "Burmese_(Myanmar)/character03", "393": "Burmese_(Myanmar)/character04", "394": "Burmese_(Myanmar)/character05", "395": "Burmese_(Myanmar)/character06", "396": "Burmese_(Myanmar)/character07", "397": "Burmese_(Myanmar)/character08", "398": "Burmese_(Myanmar)/character09", "399": "Burmese_(Myanmar)/character10", "400": "Burmese_(Myanmar)/character11", "401": "Burmese_(Myanmar)/character12", "402": "Burmese_(Myanmar)/character13", "403": "Burmese_(Myanmar)/character14", "404": "Burmese_(Myanmar)/character15", "405": "Burmese_(Myanmar)/character16", "406": "Burmese_(Myanmar)/character17", "407": "Burmese_(Myanmar)/character18", "408": "Burmese_(Myanmar)/character19", "409": "Burmese_(Myanmar)/character20", "410": "Burmese_(Myanmar)/character21", "411": "Burmese_(Myanmar)/character22", "412": "Burmese_(Myanmar)/character23", "413": "Burmese_(Myanmar)/character24", "414": "Burmese_(Myanmar)/character25", "415": "Burmese_(Myanmar)/character26", "416": "Burmese_(Myanmar)/character27", "417": "Burmese_(Myanmar)/character28", "418": "Burmese_(Myanmar)/character29", "419": "Burmese_(Myanmar)/character30", "420": "Burmese_(Myanmar)/character31", "421": "Burmese_(Myanmar)/character32", "422": "Burmese_(Myanmar)/character33", "423": "Burmese_(Myanmar)/character34", "424": "Cyrillic/character01", "425": "Cyrillic/character02", "426": "Cyrillic/character03", "427": "Cyrillic/character04", "428": "Cyrillic/character05", "429": "Cyrillic/character06", "430": "Cyrillic/character07", "431": "Cyrillic/character08", "432": "Cyrillic/character09", "433": "Cyrillic/character10", "434": "Cyrillic/character11", "435": "Cyrillic/character12", "436": "Cyrillic/character13", "437": "Cyrillic/character14", "438": "Cyrillic/character15", "439": "Cyrillic/character16", "440": "Cyrillic/character17", "441": "Cyrillic/character18", "442": "Cyrillic/character19", "443": "Cyrillic/character20", "444": "Cyrillic/character21", "445": "Cyrillic/character22", "446": "Cyrillic/character23", "447": "Cyrillic/character24", "448": "Cyrillic/character25", "449": "Cyrillic/character26", "450": "Cyrillic/character27", "451": "Cyrillic/character28", "452": "Cyrillic/character29", "453": "Cyrillic/character30", "454": "Cyrillic/character31", "455": "Cyrillic/character32", "456": "Cyrillic/character33", "457": "Early_Aramaic/character01", "458": "Early_Aramaic/character02", "459": "Early_Aramaic/character03", "460": "Early_Aramaic/character04", "461": "Early_Aramaic/character05", "462": "Early_Aramaic/character06", "463": "Early_Aramaic/character07", "464": "Early_Aramaic/character08", "465": "Early_Aramaic/character09", "466": "Early_Aramaic/character10", "467": "Early_Aramaic/character11", "468": "Early_Aramaic/character12", "469": "Early_Aramaic/character13", "470": "Early_Aramaic/character14", "471": "Early_Aramaic/character15", "472": "Early_Aramaic/character16", "473": "Early_Aramaic/character17", "474": "Early_Aramaic/character18", "475": "Early_Aramaic/character19", "476": "Early_Aramaic/character20", "477": "Early_Aramaic/character21", "478": "Early_Aramaic/character22", "479": "Futurama/character01", "480": "Futurama/character02", "481": "Futurama/character03", "482": "Futurama/character04", "483": "Futurama/character05", "484": "Futurama/character06", "485": "Futurama/character07", "486": "Futurama/character08", "487": "Futurama/character09", "488": "Futurama/character10", "489": "Futurama/character11", "490": "Futurama/character12", "491": "Futurama/character13", "492": "Futurama/character14", "493": "Futurama/character15", "494": "Futurama/character16", "495": "Futurama/character17", "496": "Futurama/character18", "497": "Futurama/character19", "498": "Futurama/character20", "499": "Futurama/character21", "500": "Futurama/character22", "501": "Futurama/character23", "502": "Futurama/character24", "503": "Futurama/character25", "504": "Futurama/character26", "505": "Ge_ez/character01", "506": "Ge_ez/character02", "507": "Ge_ez/character03", "508": "Ge_ez/character04", "509": "Ge_ez/character05", "510": "Ge_ez/character06", "511": "Ge_ez/character07", "512": "Ge_ez/character08", "513": "Ge_ez/character09", "514": "Ge_ez/character10", "515": "Ge_ez/character11", "516": "Ge_ez/character12", "517": "Ge_ez/character13", "518": "Ge_ez/character14", "519": "Ge_ez/character15", "520": "Ge_ez/character16", "521": "Ge_ez/character17", "522": "Ge_ez/character18", "523": "Ge_ez/character19", "524": "Ge_ez/character20", "525": "Ge_ez/character21", "526": "Ge_ez/character22", "527": "Ge_ez/character23", "528": "Ge_ez/character24", "529": "Ge_ez/character25", "530": "Ge_ez/character26", "531": "Glagolitic/character01", "532": "Glagolitic/character02", "533": "Glagolitic/character03", "534": "Glagolitic/character04", "535": "Glagolitic/character05", "536": "Glagolitic/character06", "537": "Glagolitic/character07", "538": "Glagolitic/character08", "539": "Glagolitic/character09", "540": "Glagolitic/character10", "541": "Glagolitic/character11", "542": "Glagolitic/character12", "543": "Glagolitic/character13", "544": "Glagolitic/character14", "545": "Glagolitic/character15", "546": "Glagolitic/character16", "547": "Glagolitic/character17", "548": "Glagolitic/character18", "549": "Glagolitic/character19", "550": "Glagolitic/character20", "551": "Glagolitic/character21", "552": "Glagolitic/character22", "553": "Glagolitic/character23", "554": "Glagolitic/character24", "555": "Glagolitic/character25", "556": "Glagolitic/character26", "557": "Glagolitic/character27", "558": "Glagolitic/character28", "559": "Glagolitic/character29", "560": "Glagolitic/character30", "561": "Glagolitic/character31", "562": "Glagolitic/character32", "563": "Glagolitic/character33", "564": "Glagolitic/character34", "565": "Glagolitic/character35", "566": "Glagolitic/character36", "567": "Glagolitic/character37", "568": "Glagolitic/character38", "569": "Glagolitic/character39", "570": "Glagolitic/character40", "571": "Glagolitic/character41", "572": "Glagolitic/character42", "573": "Glagolitic/character43", "574": "Glagolitic/character44", "575": "Glagolitic/character45", "576": "Grantha/character01", "577": "Grantha/character02", "578": "Grantha/character03", "579": "Grantha/character04", "580": "Grantha/character05", "581": "Grantha/character06", "582": "Grantha/character07", "583": "Grantha/character08", "584": "Grantha/character09", "585": "Grantha/character10", "586": "Grantha/character11", "587": "Grantha/character12", "588": "Grantha/character13", "589": "Grantha/character14", "590": "Grantha/character15", "591": "Grantha/character16", "592": "Grantha/character17", "593": "Grantha/character18", "594": "Grantha/character19", "595": "Grantha/character20", "596": "Grantha/character21", "597": "Grantha/character22", "598": "Grantha/character23", "599": "Grantha/character24", "600": "Grantha/character25", "601": "Grantha/character26", "602": "Grantha/character27", "603": "Grantha/character28", "604": "Grantha/character29", "605": "Grantha/character30", "606": "Grantha/character31", "607": "Grantha/character32", "608": "Grantha/character33", "609": "Grantha/character34", "610": "Grantha/character35", "611": "Grantha/character36", "612": "Grantha/character37", "613": "Grantha/character38", "614": "Grantha/character39", "615": "Grantha/character40", "616": "Grantha/character41", "617": "Grantha/character42", "618": "Grantha/character43", "619": "Greek/character01", "620": "Greek/character02", "621": "Greek/character03", "622": "Greek/character04", "623": "Greek/character05", "624": "Greek/character06", "625": "Greek/character07", "626": "Greek/character08", "627": "Greek/character09", "628": "Greek/character10", "629": "Greek/character11", "630": "Greek/character12", "631": "Greek/character13", "632": "Greek/character14", "633": "Greek/character15", "634": "Greek/character16", "635": "Greek/character17", "636": "Greek/character18", "637": "Greek/character19", "638": "Greek/character20", "639": "Greek/character21", "640": "Greek/character22", "641": "Greek/character23", "642": "Greek/character24", "643": "Gujarati/character01", "644": "Gujarati/character02", "645": "Gujarati/character03", "646": "Gujarati/character04", "647": "Gujarati/character05", "648": "Gujarati/character06", "649": "Gujarati/character07", "650": "Gujarati/character08", "651": "Gujarati/character09", "652": "Gujarati/character10", "653": "Gujarati/character11", "654": "Gujarati/character12", "655": "Gujarati/character13", "656": "Gujarati/character14", "657": "Gujarati/character15", "658": "Gujarati/character16", "659": "Gujarati/character17", "660": "Gujarati/character18", "661": "Gujarati/character19", "662": "Gujarati/character20", "663": "Gujarati/character21", "664": "Gujarati/character22", "665": "Gujarati/character23", "666": "Gujarati/character24", "667": "Gujarati/character25", "668": "Gujarati/character26", "669": "Gujarati/character27", "670": "Gujarati/character28", "671": "Gujarati/character29", "672": "Gujarati/character30", "673": "Gujarati/character31", "674": "Gujarati/character32", "675": "Gujarati/character33", "676": "Gujarati/character34", "677": "Gujarati/character35", "678": "Gujarati/character36", "679": "Gujarati/character37", "680": "Gujarati/character38", "681": "Gujarati/character39", "682": "Gujarati/character40", "683": "Gujarati/character41", "684": "Gujarati/character42", "685": "Gujarati/character43", "686": "Gujarati/character44", "687": "Gujarati/character45", "688": "Gujarati/character46", "689": "Gujarati/character47", "690": "Gujarati/character48", "691": "Gurmukhi/character01", "692": "Gurmukhi/character02", "693": "Gurmukhi/character03", "694": "Gurmukhi/character04", "695": "Gurmukhi/character05", "696": "Gurmukhi/character06", "697": "Gurmukhi/character07", "698": "Gurmukhi/character08", "699": "Gurmukhi/character09", "700": "Gurmukhi/character10", "701": "Gurmukhi/character11", "702": "Gurmukhi/character12", "703": "Gurmukhi/character13", "704": "Gurmukhi/character14", "705": "Gurmukhi/character15", "706": "Gurmukhi/character16", "707": "Gurmukhi/character17", "708": "Gurmukhi/character18", "709": "Gurmukhi/character19", "710": "Gurmukhi/character20", "711": "Gurmukhi/character21", "712": "Gurmukhi/character22", "713": "Gurmukhi/character23", "714": "Gurmukhi/character24", "715": "Gurmukhi/character25", "716": "Gurmukhi/character26", "717": "Gurmukhi/character27", "718": "Gurmukhi/character28", "719": "Gurmukhi/character29", "720": "Gurmukhi/character30", "721": "Gurmukhi/character31", "722": "Gurmukhi/character32", "723": "Gurmukhi/character33", "724": "Gurmukhi/character34", "725": "Gurmukhi/character35", "726": "Gurmukhi/character36", "727": "Gurmukhi/character37", "728": "Gurmukhi/character38", "729": "Gurmukhi/character39", "730": "Gurmukhi/character40", "731": "Gurmukhi/character41", "732": "Gurmukhi/character42", "733": "Gurmukhi/character43", "734": "Gurmukhi/character44", "735": "Gurmukhi/character45", "736": "Hebrew/character01", "737": "Hebrew/character02", "738": "Hebrew/character03", "739": "Hebrew/character04", "740": "Hebrew/character05", "741": "Hebrew/character06", "742": "Hebrew/character07", "743": "Hebrew/character08", "744": "Hebrew/character09", "745": "Hebrew/character10", "746": "Hebrew/character11", "747": "Hebrew/character12", "748": "Hebrew/character13", "749": "Hebrew/character14", "750": "Hebrew/character15", "751": "Hebrew/character16", "752": "Hebrew/character17", "753": "Hebrew/character18", "754": "Hebrew/character19", "755": "Hebrew/character20", "756": "Hebrew/character21", "757": "Hebrew/character22", "758": "Inuktitut_(Canadian_Aboriginal_Syllabics)/character01", "759": "Inuktitut_(Canadian_Aboriginal_Syllabics)/character02", "760": "Inuktitut_(Canadian_Aboriginal_Syllabics)/character03", "761": "Inuktitut_(Canadian_Aboriginal_Syllabics)/character04", "762": "Inuktitut_(Canadian_Aboriginal_Syllabics)/character05", "763": "Inuktitut_(Canadian_Aboriginal_Syllabics)/character06", "764": "Inuktitut_(Canadian_Aboriginal_Syllabics)/character07", "765": "Inuktitut_(Canadian_Aboriginal_Syllabics)/character08", "766": "Inuktitut_(Canadian_Aboriginal_Syllabics)/character09", "767": "Inuktitut_(Canadian_Aboriginal_Syllabics)/character10", "768": "Inuktitut_(Canadian_Aboriginal_Syllabics)/character11", "769": "Inuktitut_(Canadian_Aboriginal_Syllabics)/character12", "770": "Inuktitut_(Canadian_Aboriginal_Syllabics)/character13", "771": "Inuktitut_(Canadian_Aboriginal_Syllabics)/character14", "772": "Inuktitut_(Canadian_Aboriginal_Syllabics)/character15", "773": "Inuktitut_(Canadian_Aboriginal_Syllabics)/character16", "774": "Japanese_(hiragana)/character01", "775": "Japanese_(hiragana)/character02", "776": "Japanese_(hiragana)/character03", "777": "Japanese_(hiragana)/character04", "778": "Japanese_(hiragana)/character05", "779": "Japanese_(hiragana)/character06", "780": "Japanese_(hiragana)/character07", "781": "Japanese_(hiragana)/character08", "782": "Japanese_(hiragana)/character09", "783": "Japanese_(hiragana)/character10", "784": "Japanese_(hiragana)/character11", "785": "Japanese_(hiragana)/character12", "786": "Japanese_(hiragana)/character13", "787": "Japanese_(hiragana)/character14", "788": "Japanese_(hiragana)/character15", "789": "Japanese_(hiragana)/character16", "790": "Japanese_(hiragana)/character17", "791": "Japanese_(hiragana)/character18", "792": "Japanese_(hiragana)/character19", "793": "Japanese_(hiragana)/character20", "794": "Japanese_(hiragana)/character21", "795": "Japanese_(hiragana)/character22", "796": "Japanese_(hiragana)/character23", "797": "Japanese_(hiragana)/character24", "798": "Japanese_(hiragana)/character25", "799": "Japanese_(hiragana)/character26", "800": "Japanese_(hiragana)/character27", "801": "Japanese_(hiragana)/character28", "802": "Japanese_(hiragana)/character29", "803": "Japanese_(hiragana)/character30", "804": "Japanese_(hiragana)/character31", "805": "Japanese_(hiragana)/character32", "806": "Japanese_(hiragana)/character33", "807": "Japanese_(hiragana)/character34", "808": "Japanese_(hiragana)/character35", "809": "Japanese_(hiragana)/character36", "810": "Japanese_(hiragana)/character37", "811": "Japanese_(hiragana)/character38", "812": "Japanese_(hiragana)/character39", "813": "Japanese_(hiragana)/character40", "814": "Japanese_(hiragana)/character41", "815": "Japanese_(hiragana)/character42", "816": "Japanese_(hiragana)/character43", "817": "Japanese_(hiragana)/character44", "818": "Japanese_(hiragana)/character45", "819": "Japanese_(hiragana)/character46", "820": "Japanese_(hiragana)/character47", "821": "Japanese_(hiragana)/character48", "822": "Japanese_(hiragana)/character49", "823": "Japanese_(hiragana)/character50", "824": "Japanese_(hiragana)/character51", "825": "Japanese_(hiragana)/character52", "826": "Japanese_(katakana)/character01", "827": "Japanese_(katakana)/character02", "828": "Japanese_(katakana)/character03", "829": "Japanese_(katakana)/character04", "830": "Japanese_(katakana)/character05", "831": "Japanese_(katakana)/character06", "832": "Japanese_(katakana)/character07", "833": "Japanese_(katakana)/character08", "834": "Japanese_(katakana)/character09", "835": "Japanese_(katakana)/character10", "836": "Japanese_(katakana)/character11", "837": "Japanese_(katakana)/character12", "838": "Japanese_(katakana)/character13", "839": "Japanese_(katakana)/character14", "840": "Japanese_(katakana)/character15", "841": "Japanese_(katakana)/character16", "842": "Japanese_(katakana)/character17", "843": "Japanese_(katakana)/character18", "844": "Japanese_(katakana)/character19", "845": "Japanese_(katakana)/character20", "846": "Japanese_(katakana)/character21", "847": "Japanese_(katakana)/character22", "848": "Japanese_(katakana)/character23", "849": "Japanese_(katakana)/character24", "850": "Japanese_(katakana)/character25", "851": "Japanese_(katakana)/character26", "852": "Japanese_(katakana)/character27", "853": "Japanese_(katakana)/character28", "854": "Japanese_(katakana)/character29", "855": "Japanese_(katakana)/character30", "856": "Japanese_(katakana)/character31", "857": "Japanese_(katakana)/character32", "858": "Japanese_(katakana)/character33", "859": "Japanese_(katakana)/character34", "860": "Japanese_(katakana)/character35", "861": "Japanese_(katakana)/character36", "862": "Japanese_(katakana)/character37", "863": "Japanese_(katakana)/character38", "864": "Japanese_(katakana)/character39", "865": "Japanese_(katakana)/character40", "866": "Japanese_(katakana)/character41", "867": "Japanese_(katakana)/character42", "868": "Japanese_(katakana)/character43", "869": "Japanese_(katakana)/character44", "870": "Japanese_(katakana)/character45", "871": "Japanese_(katakana)/character46", "872": "Japanese_(katakana)/character47", "873": "Kannada/character01", "874": "Kannada/character02", "875": "Kannada/character03", "876": "Kannada/character04", "877": "Kannada/character05", "878": "Kannada/character06", "879": "Kannada/character07", "880": "Kannada/character08", "881": "Kannada/character09", "882": "Kannada/character10", "883": "Kannada/character11", "884": "Kannada/character12", "885": "Kannada/character13", "886": "Kannada/character14", "887": "Kannada/character15", "888": "Kannada/character16", "889": "Kannada/character17", "890": "Kannada/character18", "891": "Kannada/character19", "892": "Kannada/character20", "893": "Kannada/character21", "894": "Kannada/character22", "895": "Kannada/character23", "896": "Kannada/character24", "897": "Kannada/character25", "898": "Kannada/character26", "899": "Kannada/character27", "900": "Kannada/character28", "901": "Kannada/character29", "902": "Kannada/character30", "903": "Kannada/character31", "904": "Kannada/character32", "905": "Kannada/character33", "906": "Kannada/character34", "907": "Kannada/character35", "908": "Kannada/character36", "909": "Kannada/character37", "910": "Kannada/character38", "911": "Kannada/character39", "912": "Kannada/character40", "913": "Kannada/character41", "914": "Keble/character01", "915": "Keble/character02", "916": "Keble/character03", "917": "Keble/character04", "918": "Keble/character05", "919": "Keble/character06", "920": "Keble/character07", "921": "Keble/character08", "922": "Keble/character09", "923": "Keble/character10", "924": "Keble/character11", "925": "Keble/character12", "926": "Keble/character13", "927": "Keble/character14", "928": "Keble/character15", "929": "Keble/character16", "930": "Keble/character17", "931": "Keble/character18", "932": "Keble/character19", "933": "Keble/character20", "934": "Keble/character21", "935": "Keble/character22", "936": "Keble/character23", "937": "Keble/character24", "938": "Keble/character25", "939": "Keble/character26", "940": "Korean/character01", "941": "Korean/character02", "942": "Korean/character03", "943": "Korean/character04", "944": "Korean/character05", "945": "Korean/character06", "946": "Korean/character07", "947": "Korean/character08", "948": "Korean/character09", "949": "Korean/character10", "950": "Korean/character11", "951": "Korean/character12", "952": "Korean/character13", "953": "Korean/character14", "954": "Korean/character15", "955": "Korean/character16", "956": "Korean/character17", "957": "Korean/character18", "958": "Korean/character19", "959": "Korean/character20", "960": "Korean/character21", "961": "Korean/character22", "962": "Korean/character23", "963": "Korean/character24", "964": "Korean/character25", "965": "Korean/character26", "966": "Korean/character27", "967": "Korean/character28", "968": "Korean/character29", "969": "Korean/character30", "970": "Korean/character31", "971": "Korean/character32", "972": "Korean/character33", "973": "Korean/character34", "974": "Korean/character35", "975": "Korean/character36", "976": "Korean/character37", "977": "Korean/character38", "978": "Korean/character39", "979": "Korean/character40", "980": "Latin/character01", "981": "Latin/character02", "982": "Latin/character03", "983": "Latin/character04", "984": "Latin/character05", "985": "Latin/character06", "986": "Latin/character07", "987": "Latin/character08", "988": "Latin/character09", "989": "Latin/character10", "990": "Latin/character11", "991": "Latin/character12", "992": "Latin/character13", "993": "Latin/character14", "994": "Latin/character15", "995": "Latin/character16", "996": "Latin/character17", "997": "Latin/character18", "998": "Latin/character19", "999": "Latin/character20", "1000": "Latin/character21", "1001": "Latin/character22", "1002": "Latin/character23", "1003": "Latin/character24", "1004": "Latin/character25", "1005": "Latin/character26", "1006": "Malay_(Jawi_-_Arabic)/character01", "1007": "Malay_(Jawi_-_Arabic)/character02", "1008": "Malay_(Jawi_-_Arabic)/character03", "1009": "Malay_(Jawi_-_Arabic)/character04", "1010": "Malay_(Jawi_-_Arabic)/character05", "1011": "Malay_(Jawi_-_Arabic)/character06", "1012": "Malay_(Jawi_-_Arabic)/character07", "1013": "Malay_(Jawi_-_Arabic)/character08", "1014": "Malay_(Jawi_-_Arabic)/character09", "1015": "Malay_(Jawi_-_Arabic)/character10", "1016": "Malay_(Jawi_-_Arabic)/character11", "1017": "Malay_(Jawi_-_Arabic)/character12", "1018": "Malay_(Jawi_-_Arabic)/character13", "1019": "Malay_(Jawi_-_Arabic)/character14", "1020": "Malay_(Jawi_-_Arabic)/character15", "1021": "Malay_(Jawi_-_Arabic)/character16", "1022": "Malay_(Jawi_-_Arabic)/character17", "1023": "Malay_(Jawi_-_Arabic)/character18", "1024": "Malay_(Jawi_-_Arabic)/character19", "1025": "Malay_(Jawi_-_Arabic)/character20", "1026": "Malay_(Jawi_-_Arabic)/character21", "1027": "Malay_(Jawi_-_Arabic)/character22", "1028": "Malay_(Jawi_-_Arabic)/character23", "1029": "Malay_(Jawi_-_Arabic)/character24", "1030": "Malay_(Jawi_-_Arabic)/character25", "1031": "Malay_(Jawi_-_Arabic)/character26", "1032": "Malay_(Jawi_-_Arabic)/character27", "1033": "Malay_(Jawi_-_Arabic)/character28", "1034": "Malay_(Jawi_-_Arabic)/character29", "1035": "Malay_(Jawi_-_Arabic)/character30", "1036": "Malay_(Jawi_-_Arabic)/character31", "1037": "Malay_(Jawi_-_Arabic)/character32", "1038": "Malay_(Jawi_-_Arabic)/character33", "1039": "Malay_(Jawi_-_Arabic)/character34", "1040": "Malay_(Jawi_-_Arabic)/character35", "1041": "Malay_(Jawi_-_Arabic)/character36", "1042": "Malay_(Jawi_-_Arabic)/character37", "1043": "Malay_(Jawi_-_Arabic)/character38", "1044": "Malay_(Jawi_-_Arabic)/character39", "1045": "Malay_(Jawi_-_Arabic)/character40", "1046": "Malayalam/character01", "1047": "Malayalam/character02", "1048": "Malayalam/character03", "1049": "Malayalam/character04", "1050": "Malayalam/character05", "1051": "Malayalam/character06", "1052": "Malayalam/character07", "1053": "Malayalam/character08", "1054": "Malayalam/character09", "1055": "Malayalam/character10", "1056": "Malayalam/character11", "1057": "Malayalam/character12", "1058": "Malayalam/character13", "1059": "Malayalam/character14", "1060": "Malayalam/character15", "1061": "Malayalam/character16", "1062": "Malayalam/character17", "1063": "Malayalam/character18", "1064": "Malayalam/character19", "1065": "Malayalam/character20", "1066": "Malayalam/character21", "1067": "Malayalam/character22", "1068": "Malayalam/character23", "1069": "Malayalam/character24", "1070": "Malayalam/character25", "1071": "Malayalam/character26", "1072": "Malayalam/character27", "1073": "Malayalam/character28", "1074": "Malayalam/character29", "1075": "Malayalam/character30", "1076": "Malayalam/character31", "1077": "Malayalam/character32", "1078": "Malayalam/character33", "1079": "Malayalam/character34", "1080": "Malayalam/character35", "1081": "Malayalam/character36", "1082": "Malayalam/character37", "1083": "Malayalam/character38", "1084": "Malayalam/character39", "1085": "Malayalam/character40", "1086": "Malayalam/character41", "1087": "Malayalam/character42", "1088": "Malayalam/character43", "1089": "Malayalam/character44", "1090": "Malayalam/character45", "1091": "Malayalam/character46", "1092": "Malayalam/character47", "1093": "Manipuri/character01", "1094": "Manipuri/character02", "1095": "Manipuri/character03", "1096": "Manipuri/character04", "1097": "Manipuri/character05", "1098": "Manipuri/character06", "1099": "Manipuri/character07", "1100": "Manipuri/character08", "1101": "Manipuri/character09", "1102": "Manipuri/character10", "1103": "Manipuri/character11", "1104": "Manipuri/character12", "1105": "Manipuri/character13", "1106": "Manipuri/character14", "1107": "Manipuri/character15", "1108": "Manipuri/character16", "1109": "Manipuri/character17", "1110": "Manipuri/character18", "1111": "Manipuri/character19", "1112": "Manipuri/character20", "1113": "Manipuri/character21", "1114": "Manipuri/character22", "1115": "Manipuri/character23", "1116": "Manipuri/character24", "1117": "Manipuri/character25", "1118": "Manipuri/character26", "1119": "Manipuri/character27", "1120": "Manipuri/character28", "1121": "Manipuri/character29", "1122": "Manipuri/character30", "1123": "Manipuri/character31", "1124": "Manipuri/character32", "1125": "Manipuri/character33", "1126": "Manipuri/character34", "1127": "Manipuri/character35", "1128": "Manipuri/character36", "1129": "Manipuri/character37", "1130": "Manipuri/character38", "1131": "Manipuri/character39", "1132": "Manipuri/character40", "1133": "Mkhedruli_(Georgian)/character01", "1134": "Mkhedruli_(Georgian)/character02", "1135": "Mkhedruli_(Georgian)/character03", "1136": "Mkhedruli_(Georgian)/character04", "1137": "Mkhedruli_(Georgian)/character05", "1138": "Mkhedruli_(Georgian)/character06", "1139": "Mkhedruli_(Georgian)/character07", "1140": "Mkhedruli_(Georgian)/character08", "1141": "Mkhedruli_(Georgian)/character09", "1142": "Mkhedruli_(Georgian)/character10", "1143": "Mkhedruli_(Georgian)/character11", "1144": "Mkhedruli_(Georgian)/character12", "1145": "Mkhedruli_(Georgian)/character13", "1146": "Mkhedruli_(Georgian)/character14", "1147": "Mkhedruli_(Georgian)/character15", "1148": "Mkhedruli_(Georgian)/character16", "1149": "Mkhedruli_(Georgian)/character17", "1150": "Mkhedruli_(Georgian)/character18", "1151": "Mkhedruli_(Georgian)/character19", "1152": "Mkhedruli_(Georgian)/character20", "1153": "Mkhedruli_(Georgian)/character21", "1154": "Mkhedruli_(Georgian)/character22", "1155": "Mkhedruli_(Georgian)/character23", "1156": "Mkhedruli_(Georgian)/character24", "1157": "Mkhedruli_(Georgian)/character25", "1158": "Mkhedruli_(Georgian)/character26", "1159": "Mkhedruli_(Georgian)/character27", "1160": "Mkhedruli_(Georgian)/character28", "1161": "Mkhedruli_(Georgian)/character29", "1162": "Mkhedruli_(Georgian)/character30", "1163": "Mkhedruli_(Georgian)/character31", "1164": "Mkhedruli_(Georgian)/character32", "1165": "Mkhedruli_(Georgian)/character33", "1166": "Mkhedruli_(Georgian)/character34", "1167": "Mkhedruli_(Georgian)/character35", "1168": "Mkhedruli_(Georgian)/character36", "1169": "Mkhedruli_(Georgian)/character37", "1170": "Mkhedruli_(Georgian)/character38", "1171": "Mkhedruli_(Georgian)/character39", "1172": "Mkhedruli_(Georgian)/character40", "1173": "Mkhedruli_(Georgian)/character41", "1174": "Mongolian/character01", "1175": "Mongolian/character02", "1176": "Mongolian/character03", "1177": "Mongolian/character04", "1178": "Mongolian/character05", "1179": "Mongolian/character06", "1180": "Mongolian/character07", "1181": "Mongolian/character08", "1182": "Mongolian/character09", "1183": "Mongolian/character10", "1184": "Mongolian/character11", "1185": "Mongolian/character12", "1186": "Mongolian/character13", "1187": "Mongolian/character14", "1188": "Mongolian/character15", "1189": "Mongolian/character16", "1190": "Mongolian/character17", "1191": "Mongolian/character18", "1192": "Mongolian/character19", "1193": "Mongolian/character20", "1194": "Mongolian/character21", "1195": "Mongolian/character22", "1196": "Mongolian/character23", "1197": "Mongolian/character24", "1198": "Mongolian/character25", "1199": "Mongolian/character26", "1200": "Mongolian/character27", "1201": "Mongolian/character28", "1202": "Mongolian/character29", "1203": "Mongolian/character30", "1204": "N_Ko/character01", "1205": "N_Ko/character02", "1206": "N_Ko/character03", "1207": "N_Ko/character04", "1208": "N_Ko/character05", "1209": "N_Ko/character06", "1210": "N_Ko/character07", "1211": "N_Ko/character08", "1212": "N_Ko/character09", "1213": "N_Ko/character10", "1214": "N_Ko/character11", "1215": "N_Ko/character12", "1216": "N_Ko/character13", "1217": "N_Ko/character14", "1218": "N_Ko/character15", "1219": "N_Ko/character16", "1220": "N_Ko/character17", "1221": "N_Ko/character18", "1222": "N_Ko/character19", "1223": "N_Ko/character20", "1224": "N_Ko/character21", "1225": "N_Ko/character22", "1226": "N_Ko/character23", "1227": "N_Ko/character24", "1228": "N_Ko/character25", "1229": "N_Ko/character26", "1230": "N_Ko/character27", "1231": "N_Ko/character28", "1232": "N_Ko/character29", "1233": "N_Ko/character30", "1234": "N_Ko/character31", "1235": "N_Ko/character32", "1236": "N_Ko/character33", "1237": "Ojibwe_(Canadian_Aboriginal_Syllabics)/character01", "1238": "Ojibwe_(Canadian_Aboriginal_Syllabics)/character02", "1239": "Ojibwe_(Canadian_Aboriginal_Syllabics)/character03", "1240": "Ojibwe_(Canadian_Aboriginal_Syllabics)/character04", "1241": "Ojibwe_(Canadian_Aboriginal_Syllabics)/character05", "1242": "Ojibwe_(Canadian_Aboriginal_Syllabics)/character06", "1243": "Ojibwe_(Canadian_Aboriginal_Syllabics)/character07", "1244": "Ojibwe_(Canadian_Aboriginal_Syllabics)/character08", "1245": "Ojibwe_(Canadian_Aboriginal_Syllabics)/character09", "1246": "Ojibwe_(Canadian_Aboriginal_Syllabics)/character10", "1247": "Ojibwe_(Canadian_Aboriginal_Syllabics)/character11", "1248": "Ojibwe_(Canadian_Aboriginal_Syllabics)/character12", "1249": "Ojibwe_(Canadian_Aboriginal_Syllabics)/character13", "1250": "Ojibwe_(Canadian_Aboriginal_Syllabics)/character14", "1251": "Old_Church_Slavonic_(Cyrillic)/character01", "1252": "Old_Church_Slavonic_(Cyrillic)/character02", "1253": "Old_Church_Slavonic_(Cyrillic)/character03", "1254": "Old_Church_Slavonic_(Cyrillic)/character04", "1255": "Old_Church_Slavonic_(Cyrillic)/character05", "1256": "Old_Church_Slavonic_(Cyrillic)/character06", "1257": "Old_Church_Slavonic_(Cyrillic)/character07", "1258": "Old_Church_Slavonic_(Cyrillic)/character08", "1259": "Old_Church_Slavonic_(Cyrillic)/character09", "1260": "Old_Church_Slavonic_(Cyrillic)/character10", "1261": "Old_Church_Slavonic_(Cyrillic)/character11", "1262": "Old_Church_Slavonic_(Cyrillic)/character12", "1263": "Old_Church_Slavonic_(Cyrillic)/character13", "1264": "Old_Church_Slavonic_(Cyrillic)/character14", "1265": "Old_Church_Slavonic_(Cyrillic)/character15", "1266": "Old_Church_Slavonic_(Cyrillic)/character16", "1267": "Old_Church_Slavonic_(Cyrillic)/character17", "1268": "Old_Church_Slavonic_(Cyrillic)/character18", "1269": "Old_Church_Slavonic_(Cyrillic)/character19", "1270": "Old_Church_Slavonic_(Cyrillic)/character20", "1271": "Old_Church_Slavonic_(Cyrillic)/character21", "1272": "Old_Church_Slavonic_(Cyrillic)/character22", "1273": "Old_Church_Slavonic_(Cyrillic)/character23", "1274": "Old_Church_Slavonic_(Cyrillic)/character24", "1275": "Old_Church_Slavonic_(Cyrillic)/character25", "1276": "Old_Church_Slavonic_(Cyrillic)/character26", "1277": "Old_Church_Slavonic_(Cyrillic)/character27", "1278": "Old_Church_Slavonic_(Cyrillic)/character28", "1279": "Old_Church_Slavonic_(Cyrillic)/character29", "1280": "Old_Church_Slavonic_(Cyrillic)/character30", "1281": "Old_Church_Slavonic_(Cyrillic)/character31", "1282": "Old_Church_Slavonic_(Cyrillic)/character32", "1283": "Old_Church_Slavonic_(Cyrillic)/character33", "1284": "Old_Church_Slavonic_(Cyrillic)/character34", "1285": "Old_Church_Slavonic_(Cyrillic)/character35", "1286": "Old_Church_Slavonic_(Cyrillic)/character36", "1287": "Old_Church_Slavonic_(Cyrillic)/character37", "1288": "Old_Church_Slavonic_(Cyrillic)/character38", "1289": "Old_Church_Slavonic_(Cyrillic)/character39", "1290": "Old_Church_Slavonic_(Cyrillic)/character40", "1291": "Old_Church_Slavonic_(Cyrillic)/character41", "1292": "Old_Church_Slavonic_(Cyrillic)/character42", "1293": "Old_Church_Slavonic_(Cyrillic)/character43", "1294": "Old_Church_Slavonic_(Cyrillic)/character44", "1295": "Old_Church_Slavonic_(Cyrillic)/character45", "1296": "Oriya/character01", "1297": "Oriya/character02", "1298": "Oriya/character03", "1299": "Oriya/character04", "1300": "Oriya/character05", "1301": "Oriya/character06", "1302": "Oriya/character07", "1303": "Oriya/character08", "1304": "Oriya/character09", "1305": "Oriya/character10", "1306": "Oriya/character11", "1307": "Oriya/character12", "1308": "Oriya/character13", "1309": "Oriya/character14", "1310": "Oriya/character15", "1311": "Oriya/character16", "1312": "Oriya/character17", "1313": "Oriya/character18", "1314": "Oriya/character19", "1315": "Oriya/character20", "1316": "Oriya/character21", "1317": "Oriya/character22", "1318": "Oriya/character23", "1319": "Oriya/character24", "1320": "Oriya/character25", "1321": "Oriya/character26", "1322": "Oriya/character27", "1323": "Oriya/character28", "1324": "Oriya/character29", "1325": "Oriya/character30", "1326": "Oriya/character31", "1327": "Oriya/character32", "1328": "Oriya/character33", "1329": "Oriya/character34", "1330": "Oriya/character35", "1331": "Oriya/character36", "1332": "Oriya/character37", "1333": "Oriya/character38", "1334": "Oriya/character39", "1335": "Oriya/character40", "1336": "Oriya/character41", "1337": "Oriya/character42", "1338": "Oriya/character43", "1339": "Oriya/character44", "1340": "Oriya/character45", "1341": "Oriya/character46", "1342": "Sanskrit/character01", "1343": "Sanskrit/character02", "1344": "Sanskrit/character03", "1345": "Sanskrit/character04", "1346": "Sanskrit/character05", "1347": "Sanskrit/character06", "1348": "Sanskrit/character07", "1349": "Sanskrit/character08", "1350": "Sanskrit/character09", "1351": "Sanskrit/character10", "1352": "Sanskrit/character11", "1353": "Sanskrit/character12", "1354": "Sanskrit/character13", "1355": "Sanskrit/character14", "1356": "Sanskrit/character15", "1357": "Sanskrit/character16", "1358": "Sanskrit/character17", "1359": "Sanskrit/character18", "1360": "Sanskrit/character19", "1361": "Sanskrit/character20", "1362": "Sanskrit/character21", "1363": "Sanskrit/character22", "1364": "Sanskrit/character23", "1365": "Sanskrit/character24", "1366": "Sanskrit/character25", "1367": "Sanskrit/character26", "1368": "Sanskrit/character27", "1369": "Sanskrit/character28", "1370": "Sanskrit/character29", "1371": "Sanskrit/character30", "1372": "Sanskrit/character31", "1373": "Sanskrit/character32", "1374": "Sanskrit/character33", "1375": "Sanskrit/character34", "1376": "Sanskrit/character35", "1377": "Sanskrit/character36", "1378": "Sanskrit/character37", "1379": "Sanskrit/character38", "1380": "Sanskrit/character39", "1381": "Sanskrit/character40", "1382": "Sanskrit/character41", "1383": "Sanskrit/character42", "1384": "Sylheti/character01", "1385": "Sylheti/character02", "1386": "Sylheti/character03", "1387": "Sylheti/character04", "1388": "Sylheti/character05", "1389": "Sylheti/character06", "1390": "Sylheti/character07", "1391": "Sylheti/character08", "1392": "Sylheti/character09", "1393": "Sylheti/character10", "1394": "Sylheti/character11", "1395": "Sylheti/character12", "1396": "Sylheti/character13", "1397": "Sylheti/character14", "1398": "Sylheti/character15", "1399": "Sylheti/character16", "1400": "Sylheti/character17", "1401": "Sylheti/character18", "1402": "Sylheti/character19", "1403": "Sylheti/character20", "1404": "Sylheti/character21", "1405": "Sylheti/character22", "1406": "Sylheti/character23", "1407": "Sylheti/character24", "1408": "Sylheti/character25", "1409": "Sylheti/character26", "1410": "Sylheti/character27", "1411": "Sylheti/character28", "1412": "Syriac_(Estrangelo)/character01", "1413": "Syriac_(Estrangelo)/character02", "1414": "Syriac_(Estrangelo)/character03", "1415": "Syriac_(Estrangelo)/character04", "1416": "Syriac_(Estrangelo)/character05", "1417": "Syriac_(Estrangelo)/character06", "1418": "Syriac_(Estrangelo)/character07", "1419": "Syriac_(Estrangelo)/character08", "1420": "Syriac_(Estrangelo)/character09", "1421": "Syriac_(Estrangelo)/character10", "1422": "Syriac_(Estrangelo)/character11", "1423": "Syriac_(Estrangelo)/character12", "1424": "Syriac_(Estrangelo)/character13", "1425": "Syriac_(Estrangelo)/character14", "1426": "Syriac_(Estrangelo)/character15", "1427": "Syriac_(Estrangelo)/character16", "1428": "Syriac_(Estrangelo)/character17", "1429": "Syriac_(Estrangelo)/character18", "1430": "Syriac_(Estrangelo)/character19", "1431": "Syriac_(Estrangelo)/character20", "1432": "Syriac_(Estrangelo)/character21", "1433": "Syriac_(Estrangelo)/character22", "1434": "Syriac_(Estrangelo)/character23", "1435": "Syriac_(Serto)/character01", "1436": "Syriac_(Serto)/character02", "1437": "Syriac_(Serto)/character03", "1438": "Syriac_(Serto)/character04", "1439": "Syriac_(Serto)/character05", "1440": "Syriac_(Serto)/character06", "1441": "Syriac_(Serto)/character07", "1442": "Syriac_(Serto)/character08", "1443": "Syriac_(Serto)/character09", "1444": "Syriac_(Serto)/character10", "1445": "Syriac_(Serto)/character11", "1446": "Syriac_(Serto)/character12", "1447": "Syriac_(Serto)/character13", "1448": "Syriac_(Serto)/character14", "1449": "Syriac_(Serto)/character15", "1450": "Syriac_(Serto)/character16", "1451": "Syriac_(Serto)/character17", "1452": "Syriac_(Serto)/character18", "1453": "Syriac_(Serto)/character19", "1454": "Syriac_(Serto)/character20", "1455": "Syriac_(Serto)/character21", "1456": "Syriac_(Serto)/character22", "1457": "Syriac_(Serto)/character23", "1458": "Tagalog/character01", "1459": "Tagalog/character02", "1460": "Tagalog/character03", "1461": "Tagalog/character04", "1462": "Tagalog/character05", "1463": "Tagalog/character06", "1464": "Tagalog/character07", "1465": "Tagalog/character08", "1466": "Tagalog/character09", "1467": "Tagalog/character10", "1468": "Tagalog/character11", "1469": "Tagalog/character12", "1470": "Tagalog/character13", "1471": "Tagalog/character14", "1472": "Tagalog/character15", "1473": "Tagalog/character16", "1474": "Tagalog/character17", "1475": "Tengwar/character01", "1476": "Tengwar/character02", "1477": "Tengwar/character03", "1478": "Tengwar/character04", "1479": "Tengwar/character05", "1480": "Tengwar/character06", "1481": "Tengwar/character07", "1482": "Tengwar/character08", "1483": "Tengwar/character09", "1484": "Tengwar/character10", "1485": "Tengwar/character11", "1486": "Tengwar/character12", "1487": "Tengwar/character13", "1488": "Tengwar/character14", "1489": "Tengwar/character15", "1490": "Tengwar/character16", "1491": "Tengwar/character17", "1492": "Tengwar/character18", "1493": "Tengwar/character19", "1494": "Tengwar/character20", "1495": "Tengwar/character21", "1496": "Tengwar/character22", "1497": "Tengwar/character23", "1498": "Tengwar/character24", "1499": "Tengwar/character25", "1500": "Tibetan/character01", "1501": "Tibetan/character02", "1502": "Tibetan/character03", "1503": "Tibetan/character04", "1504": "Tibetan/character05", "1505": "Tibetan/character06", "1506": "Tibetan/character07", "1507": "Tibetan/character08", "1508": "Tibetan/character09", "1509": "Tibetan/character10", "1510": "Tibetan/character11", "1511": "Tibetan/character12", "1512": "Tibetan/character13", "1513": "Tibetan/character14", "1514": "Tibetan/character15", "1515": "Tibetan/character16", "1516": "Tibetan/character17", "1517": "Tibetan/character18", "1518": "Tibetan/character19", "1519": "Tibetan/character20", "1520": "Tibetan/character21", "1521": "Tibetan/character22", "1522": "Tibetan/character23", "1523": "Tibetan/character24", "1524": "Tibetan/character25", "1525": "Tibetan/character26", "1526": "Tibetan/character27", "1527": "Tibetan/character28", "1528": "Tibetan/character29", "1529": "Tibetan/character30", "1530": "Tibetan/character31", "1531": "Tibetan/character32", "1532": "Tibetan/character33", "1533": "Tibetan/character34", "1534": "Tibetan/character35", "1535": "Tibetan/character36", "1536": "Tibetan/character37", "1537": "Tibetan/character38", "1538": "Tibetan/character39", "1539": "Tibetan/character40", "1540": "Tibetan/character41", "1541": "Tibetan/character42", "1542": "Tifinagh/character01", "1543": "Tifinagh/character02", "1544": "Tifinagh/character03", "1545": "Tifinagh/character04", "1546": "Tifinagh/character05", "1547": "Tifinagh/character06", "1548": "Tifinagh/character07", "1549": "Tifinagh/character08", "1550": "Tifinagh/character09", "1551": "Tifinagh/character10", "1552": "Tifinagh/character11", "1553": "Tifinagh/character12", "1554": "Tifinagh/character13", "1555": "Tifinagh/character14", "1556": "Tifinagh/character15", "1557": "Tifinagh/character16", "1558": "Tifinagh/character17", "1559": "Tifinagh/character18", "1560": "Tifinagh/character19", "1561": "Tifinagh/character20", "1562": "Tifinagh/character21", "1563": "Tifinagh/character22", "1564": "Tifinagh/character23", "1565": "Tifinagh/character24", "1566": "Tifinagh/character25", "1567": "Tifinagh/character26", "1568": "Tifinagh/character27", "1569": "Tifinagh/character28", "1570": "Tifinagh/character29", "1571": "Tifinagh/character30", "1572": "Tifinagh/character31", "1573": "Tifinagh/character32", "1574": "Tifinagh/character33", "1575": "Tifinagh/character34", "1576": "Tifinagh/character35", "1577": "Tifinagh/character36", "1578": "Tifinagh/character37", "1579": "Tifinagh/character38", "1580": "Tifinagh/character39", "1581": "Tifinagh/character40", "1582": "Tifinagh/character41", "1583": "Tifinagh/character42", "1584": "Tifinagh/character43", "1585": "Tifinagh/character44", "1586": "Tifinagh/character45", "1587": "Tifinagh/character46", "1588": "Tifinagh/character47", "1589": "Tifinagh/character48", "1590": "Tifinagh/character49", "1591": "Tifinagh/character50", "1592": "Tifinagh/character51", "1593": "Tifinagh/character52", "1594": "Tifinagh/character53", "1595": "Tifinagh/character54", "1596": "Tifinagh/character55", "1597": "ULOG/character01", "1598": "ULOG/character02", "1599": "ULOG/character03", "1600": "ULOG/character04", "1601": "ULOG/character05", "1602": "ULOG/character06", "1603": "ULOG/character07", "1604": "ULOG/character08", "1605": "ULOG/character09", "1606": "ULOG/character10", "1607": "ULOG/character11", "1608": "ULOG/character12", "1609": "ULOG/character13", "1610": "ULOG/character14", "1611": "ULOG/character15", "1612": "ULOG/character16", "1613": "ULOG/character17", "1614": "ULOG/character18", "1615": "ULOG/character19", "1616": "ULOG/character20", "1617": "ULOG/character21", "1618": "ULOG/character22", "1619": "ULOG/character23", "1620": "ULOG/character24", "1621": "ULOG/character25", "1622": "ULOG/character26"}