{
  "batch_size":4,
  "image_height":84,
  "image_width":84,
  "image_channels":3,
  "gpu_to_use":0,
  "num_dataprovider_workers":4,
  "max_models_to_save":5,
  "dataset_name":"mini_imagenet_full_size",
  "dataset_path":"mini_imagenet_full_size",
  "reset_stored_paths":false,
  "save_dir": "checkpoints/search",
  "experiment_name":"imagenet_5W_5S_B4_C16_tv31_crif",
  "train_seed": 3, "val_seed": 1,
  "indexes_of_folders_indicating_class": [-3, -2],
  "sets_are_pre_split": true,
  "train_val_test_split": [0.64, 0.16, 0.20],

  "total_epochs": 100,
  "total_iter_per_epoch":300, "continue_from_epoch": -2,
  "num_evaluation_tasks":600,
  "multi_step_loss_num_epochs": 15,
  "minimum_per_task_contribution": 0.01,
  "learnable_per_layer_per_step_inner_loop_learning_rate": false,
  "enable_inner_loop_optimizable_bn_params": false,

  "per_step_bn_statistics": false,
  "learnable_batch_norm_momentum": false,
  "load_into_memory": true,
  "learnable_bn_gamma": true,
  "learnable_bn_beta": true,

  "dropout_rate_value":0.0,
  "total_epochs_before_pause": 101,
  "first_order_to_second_order_epoch":-1,

  "number_of_training_steps_per_iter":5,
  "number_of_evaluation_steps_per_iter":5,
  "cnn_blocks_per_stage":1,
  "num_classes_per_set":5,
  "num_samples_per_class":5,
  "num_target_samples": 15,

  "second_order": false,
  "use_multi_step_loss_optimization":false,

  "top_n_model_for_test": 5,
  "warmup_dec_epoch": 9,
  "decision_freq": 5,
  "rand": false,
  "layers": 2,
  "init_channels": 16,

  "min_search_epoch": -1,
  "make_decision": true,
  "fine_tuning_alpha": 10,

  "init_inner_loop_learning_rate": 0.1,
  "init_inner_arch_loop_learning_rate": 0.01,
  "meta_learning_rate":0.001,
  "init_meta_arch_loop_learning_rate": 0.001,
  "meta_arch_weights_decay": 0.0003,
  "weight_decay": 0.0,
  "min_learning_rate":0.001,
  "min_arch_learning_rate":0.001,
  "pruning_criterion": "criterion_front",

  "evaluate_on_test_set_only": false,
  "use_ensemble": false
}