{
  "batch_size":16,
  "image_height":28,
  "image_width":28,
  "image_channels":1,
  "gpu_to_use":0,
  "num_dataprovider_workers":4,
  "max_models_to_save":5,
  "dataset_name":"omniglot_dataset",
  "dataset_path":"omniglot_dataset",
  "reset_stored_paths":false,
  "experiment_name":"omniglot_5W_5S_B16_C24_tv31_pt",
  "train_seed": 3, "val_seed": 1,
  "train_val_test_split": [0.70918052988, 0.03080714725, 0.2606284658],
  "indexes_of_folders_indicating_class": [-3, -2],
  "load_from_npz_files": false,
  "sets_are_pre_split": false,
  "load_into_memory": true,
  "train_in_stages": false,
  "multi_step_loss_num_epochs": 10,
  "minimum_per_task_contribution": 0.01,
  "num_evaluation_tasks":600,
  "learnable_per_layer_per_step_inner_loop_learning_rate": false,
  "enable_inner_loop_optimizable_bn_params": false,

  "total_epochs": 100,
  "total_iter_per_epoch":500, "continue_from_epoch": -2,
  "evaluate_on_test_set_only": false,
  "per_step_bn_statistics": false,
  "learnable_batch_norm_momentum": false,
  "evalute_on_test_set_only": false,
  "learnable_bn_gamma": true,
  "learnable_bn_beta": true,

  "weight_decay": 0.0,
  "dropout_rate_value":0.0,
  "min_learning_rate":0.00001,
  "meta_learning_rate":0.001,   "total_epochs_before_pause": 101,
  "first_order_to_second_order_epoch":-1,

  "number_of_training_steps_per_iter":5,
  "number_of_evaluation_steps_per_iter":5,
  "cnn_blocks_per_stage":1,
  "num_classes_per_set":5,
  "num_samples_per_class":5,
  "num_target_samples": 1,

  "second_order": false,
  "use_multi_step_loss_optimization":false,

  "save_dir": "checkpoints/retrain",
  "top_n_model_for_test": 5,
  "init_channels": 24,

  "arch": "OMNI_V1",
  "retrain": true,
  "use_pretrained_model": false,

  "init_inner_loop_learning_rate": 0.01,
  "init_inner_arch_loop_learning_rate": 0.1
}
